id,name,category
srv0001,Synthetic surveys indicator #1,Surveys
srv0002,Synthetic surveys indicator #2,Surveys
srv0003,Synthetic surveys indicator #3,Surveys
srv0004,Synthetic surveys indicator #4,Surveys
srv0005,Synthetic surveys indicator #5,Surveys
srv0006,Synthetic surveys indicator #6,Surveys
srv0007,Synthetic surveys indicator #7,Surveys
srv0008,Synthetic surveys indicator #8,Surveys
srv0009,Synthetic surveys indicator #9,Surveys
srv0010,Synthetic surveys indicator #10,Surveys
srv0011,Synthetic surveys indicator #11,Surveys
srv0012,Synthetic surveys indicator #12,Surveys
srv0013,Synthetic surveys indicator #13,Surveys
srv0014,Synthetic surveys indicator #14,Surveys
srv0015,Synthetic surveys indicator #15,Surveys
srv0016,Synthetic surveys indicator #16,Surveys
srv0017,Synthetic surveys indicator #17,Surveys
srv0018,Synthetic surveys indicator #18,Surveys
srv0019,Synthetic surveys indicator #19,Surveys
srv0020,Synthetic surveys indicator #20,Surveys
srv0021,Synthetic surveys indicator #21,Surveys
srv0022,Synthetic surveys indicator #22,Surveys
srv0023,Synthetic surveys indicator #23,Surveys
srv0024,Synthetic surveys indicator #24,Surveys
srv0025,Synthetic surveys indicator #25,Surveys
srv0026,Synthetic surveys indicator #26,Surveys
srv0027,Synthetic surveys indicator #27,Surveys
srv0028,Synthetic surveys indicator #28,Surveys
srv0029,Synthetic surveys indicator #29,Surveys
srv0030,Synthetic surveys indicator #30,Surveys
srv0031,Synthetic surveys indicator #31,Surveys
srv0032,Synthetic surveys indicator #32,Surveys
srv0033,Synthetic surveys indicator #33,Surveys
srv0034,Synthetic surveys indicator #34,Surveys
srv0035,Synthetic surveys indicator #35,Surveys
srv0036,Synthetic surveys indicator #36,Surveys
srv0037,Synthetic surveys indicator #37,Surveys
srv0038,Synthetic surveys indicator #38,Surveys
srv0039,Synthetic surveys indicator #39,Surveys
srv0040,Synthetic surveys indicator #40,Surveys
srv0041,Synthetic surveys indicator #41,Surveys
srv0042,Synthetic surveys indicator #42,Surveys
srv0043,Synthetic surveys indicator #43,Surveys
srv0044,Synthetic surveys indicator #44,Surveys
srv0045,Synthetic surveys indicator #45,Surveys
srv0046,Synthetic surveys indicator #46,Surveys
srv0047,Synthetic surveys indicator #47,Surveys
srv0048,Synthetic surveys indicator #48,Surveys
srv0049,Synthetic surveys indicator #49,Surveys
srv0050,Synthetic surveys indicator #50,Surveys
srv0051,Synthetic surveys indicator #51,Surveys
srv0052,Synthetic surveys indicator #52,Surveys
srv0053,Synthetic surveys indicator #53,Surveys
srv0054,Synthetic surveys indicator #54,Surveys
srv0055,Synthetic surveys indicator #55,Surveys
srv0056,Synthetic surveys indicator #56,Surveys
srv0057,Synthetic surveys indicator #57,Surveys
srv0058,Synthetic surveys indicator #58,Surveys
srv0059,Synthetic surveys indicator #59,Surveys
srv0060,Synthetic surveys indicator #60,Surveys
srv0061,Synthetic surveys indicator #61,Surveys
srv0062,Synthetic surveys indicator #62,Surveys
srv0063,Synthetic surveys indicator #63,Surveys
srv0064,Synthetic surveys indicator #64,Surveys
srv0065,Synthetic surveys indicator #65,Surveys
srv0066,Synthetic surveys indicator #66,Surveys
srv0067,Synthetic surveys indicator #67,Surveys
srv0068,Synthetic surveys indicator #68,Surveys
srv0069,Synthetic surveys indicator #69,Surveys
srv0070,Synthetic surveys indicator #70,Surveys
srv0071,Synthetic surveys indicator #71,Surveys
srv0072,Synthetic surveys indicator #72,Surveys
srv0073,Synthetic surveys indicator #73,Surveys
srv0074,Synthetic surveys indicator #74,Surveys
srv0075,Synthetic surveys indicator #75,Surveys
srv0076,Synthetic surveys indicator #76,Surveys
srv0077,Synthetic surveys indicator #77,Surveys
srv0078,Synthetic surveys indicator #78,Surveys
srv0079,Synthetic surveys indicator #79,Surveys
srv0080,Synthetic surveys indicator #80,Surveys
srv0081,Synthetic surveys indicator #81,Surveys
srv0082,Synthetic surveys indicator #82,Surveys
srv0083,Synthetic surveys indicator #83,Surveys
srv0084,Synthetic surveys indicator #84,Surveys
srv0085,Synthetic surveys indicator #85,Surveys
srv0086,Synthetic surveys indicator #86,Surveys
srv0087,Synthetic surveys indicator #87,Surveys
srv0088,Synthetic surveys indicator #88,Surveys
srv0089,Synthetic surveys indicator #89,Surveys
srv0090,Synthetic surveys indicator #90,Surveys
srv0091,Synthetic surveys indicator #91,Surveys
srv0092,Synthetic surveys indicator #92,Surveys
srv0093,Synthetic surveys indicator #93,Surveys
srv0094,Synthetic surveys indicator #94,Surveys
srv0095,Synthetic surveys indicator #95,Surveys
srv0096,Synthetic surveys indicator #96,Surveys
srv0097,Synthetic surveys indicator #97,Surveys
srv0098,Synthetic surveys indicator #98,Surveys
srv0099,Synthetic surveys indicator #99,Surveys
srv0100,Synthetic surveys indicator #100,Surveys
srv0101,Synthetic surveys indicator #101,Surveys
srv0102,Synthetic surveys indicator #102,Surveys
srv0103,Synthetic surveys indicator #103,Surveys
srv0104,Synthetic surveys indicator #104,Surveys
srv0105,Synthetic surveys indicator #105,Surveys
srv0106,Synthetic surveys indicator #106,Surveys
srv0107,Synthetic surveys indicator #107,Surveys
srv0108,Synthetic surveys indicator #108,Surveys
srv0109,Synthetic surveys indicator #109,Surveys
srv0110,Synthetic surveys indicator #110,Surveys
srv0111,Synthetic surveys indicator #111,Surveys
srv0112,Synthetic surveys indicator #112,Surveys
srv0113,Synthetic surveys indicator #113,Surveys
srv0114,Synthetic surveys indicator #114,Surveys
srv0115,Synthetic surveys indicator #115,Surveys
srv0116,Synthetic surveys indicator #116,Surveys
srv0117,Synthetic surveys indicator #117,Surveys
srv0118,Synthetic surveys indicator #118,Surveys
srv0119,Synthetic surveys indicator #119,Surveys
srv0120,Synthetic surveys indicator #120,Surveys
srv0121,Synthetic surveys indicator #121,Surveys
srv0122,Synthetic surveys indicator #122,Surveys
srv0123,Synthetic surveys indicator #123,Surveys
srv0124,Synthetic surveys indicator #124,Surveys
srv0125,Synthetic surveys indicator #125,Surveys
srv0126,Synthetic surveys indicator #126,Surveys
srv0127,Synthetic surveys indicator #127,Surveys
srv0128,Synthetic surveys indicator #128,Surveys
srv0129,Synthetic surveys indicator #129,Surveys
srv0130,Synthetic surveys indicator #130,Surveys
srv0131,Synthetic surveys indicator #131,Surveys
srv0132,Synthetic surveys indicator #132,Surveys
srv0133,Synthetic surveys indicator #133,Surveys
srv0134,Synthetic surveys indicator #134,Surveys
srv0135,Synthetic surveys indicator #135,Surveys
srv0136,Synthetic surveys indicator #136,Surveys
srv0137,Synthetic surveys indicator #137,Surveys
srv0138,Synthetic surveys indicator #138,Surveys
srv0139,Synthetic surveys indicator #139,Surveys
srv0140,Synthetic surveys indicator #140,Surveys
srv0141,Synthetic surveys indicator #141,Surveys
srv0142,Synthetic surveys indicator #142,Surveys
srv0143,Synthetic surveys indicator #143,Surveys
srv0144,Synthetic surveys indicator #144,Surveys
srv0145,Synthetic surveys indicator #145,Surveys
srv0146,Synthetic surveys indicator #146,Surveys
srv0147,Synthetic surveys indicator #147,Surveys
srv0148,Synthetic surveys indicator #148,Surveys
srv0149,Synthetic surveys indicator #149,Surveys
srv0150,Synthetic surveys indicator #150,Surveys
srv0151,Synthetic surveys indicator #151,Surveys
srv0152,Synthetic surveys indicator #152,Surveys
srv0153,Synthetic surveys indicator #153,Surveys
srv0154,Synthetic surveys indicator #154,Surveys
srv0155,Synthetic surveys indicator #155,Surveys
srv0156,Synthetic surveys indicator #156,Surveys
srv0157,Synthetic surveys indicator #157,Surveys
srv0158,Synthetic surveys indicator #158,Surveys
srv0159,Synthetic surveys indicator #159,Surveys
srv0160,Synthetic surveys indicator #160,Surveys
srv0161,Synthetic surveys indicator #161,Surveys
srv0162,Synthetic surveys indicator #162,Surveys
srv0163,Synthetic surveys indicator #163,Surveys
srv0164,Synthetic surveys indicator #164,Surveys
srv0165,Synthetic surveys indicator #165,Surveys
srv0166,Synthetic surveys indicator #166,Surveys
srv0167,Synthetic surveys indicator #167,Surveys
srv0168,Synthetic surveys indicator #168,Surveys
srv0169,Synthetic surveys indicator #169,Surveys
srv0170,Synthetic surveys indicator #170,Surveys
srv0171,Synthetic surveys indicator #171,Surveys
srv0172,Synthetic surveys indicator #172,Surveys
srv0173,Synthetic surveys indicator #173,Surveys
srv0174,Synthetic surveys indicator #174,Surveys
srv0175,Synthetic surveys indicator #175,Surveys
srv0176,Synthetic surveys indicator #176,Surveys
srv0177,Synthetic surveys indicator #177,Surveys
srv0178,Synthetic surveys indicator #178,Surveys
srv0179,Synthetic surveys indicator #179,Surveys
srv0180,Synthetic surveys indicator #180,Surveys
srv0181,Synthetic surveys indicator #181,Surveys
srv0182,Synthetic surveys indicator #182,Surveys
srv0183,Synthetic surveys indicator #183,Surveys
srv0184,Synthetic surveys indicator #184,Surveys
srv0185,Synthetic surveys indicator #185,Surveys
srv0186,Synthetic surveys indicator #186,Surveys
srv0187,Synthetic surveys indicator #187,Surveys
srv0188,Synthetic surveys indicator #188,Surveys
srv0189,Synthetic surveys indicator #189,Surveys
srv0190,Synthetic surveys indicator #190,Surveys
srv0191,Synthetic surveys indicator #191,Surveys
srv0192,Synthetic surveys indicator #192,Surveys
srv0193,Synthetic surveys indicator #193,Surveys
srv0194,Synthetic surveys indicator #194,Surveys
srv0195,Synthetic surveys indicator #195,Surveys
srv0196,Synthetic surveys indicator #196,Surveys
srv0197,Synthetic surveys indicator #197,Surveys
srv0198,Synthetic surveys indicator #198,Surveys
srv0199,Synthetic surveys indicator #199,Surveys
srv0200,Synthetic surveys indicator #200,Surveys
srv0201,Synthetic surveys indicator #201,Surveys
srv0202,Synthetic surveys indicator #202,Surveys
srv0203,Synthetic surveys indicator #203,Surveys
srv0204,Synthetic surveys indicator #204,Surveys
srv0205,Synthetic surveys indicator #205,Surveys
srv0206,Synthetic surveys indicator #206,Surveys
srv0207,Synthetic surveys indicator #207,Surveys
srv0208,Synthetic surveys indicator #208,Surveys
srv0209,Synthetic surveys indicator #209,Surveys
srv0210,Synthetic surveys indicator #210,Surveys
srv0211,Synthetic surveys indicator #211,Surveys
srv0212,Synthetic surveys indicator #212,Surveys
srv0213,Synthetic surveys indicator #213,Surveys
srv0214,Synthetic surveys indicator #214,Surveys
srv0215,Synthetic surveys indicator #215,Surveys
srv0216,Synthetic surveys indicator #216,Surveys
srv0217,Synthetic surveys indicator #217,Surveys
srv0218,Synthetic surveys indicator #218,Surveys
srv0219,Synthetic surveys indicator #219,Surveys
srv0220,Synthetic surveys indicator #220,Surveys
srv0221,Synthetic surveys indicator #221,Surveys
srv0222,Synthetic surveys indicator #222,Surveys
srv0223,Synthetic surveys indicator #223,Surveys
srv0224,Synthetic surveys indicator #224,Surveys
srv0225,Synthetic surveys indicator #225,Surveys
srv0226,Synthetic surveys indicator #226,Surveys
srv0227,Synthetic surveys indicator #227,Surveys
srv0228,Synthetic surveys indicator #228,Surveys
srv0229,Synthetic surveys indicator #229,Surveys
srv0230,Synthetic surveys indicator #230,Surveys
srv0231,Synthetic surveys indicator #231,Surveys
srv0232,Synthetic surveys indicator #232,Surveys
srv0233,Synthetic surveys indicator #233,Surveys
srv0234,Synthetic surveys indicator #234,Surveys
srv0235,Synthetic surveys indicator #235,Surveys
srv0236,Synthetic surveys indicator #236,Surveys
srv0237,Synthetic surveys indicator #237,Surveys
srv0238,Synthetic surveys indicator #238,Surveys
srv0239,Synthetic surveys indicator #239,Surveys
srv0240,Synthetic surveys indicator #240,Surveys
srv0241,Synthetic surveys indicator #241,Surveys
srv0242,Synthetic surveys indicator #242,Surveys
srv0243,Synthetic surveys indicator #243,Surveys
srv0244,Synthetic surveys indicator #244,Surveys
srv0245,Synthetic surveys indicator #245,Surveys
srv0246,Synthetic surveys indicator #246,Surveys
srv0247,Synthetic surveys indicator #247,Surveys
srv0248,Synthetic surveys indicator #248,Surveys
srv0249,Synthetic surveys indicator #249,Surveys
srv0250,Synthetic surveys indicator #250,Surveys
srv0251,Synthetic surveys indicator #251,Surveys
srv0252,Synthetic surveys indicator #252,Surveys
srv0253,Synthetic surveys indicator #253,Surveys
srv0254,Synthetic surveys indicator #254,Surveys
srv0255,Synthetic surveys indicator #255,Surveys
srv0256,Synthetic surveys indicator #256,Surveys
srv0257,Synthetic surveys indicator #257,Surveys
srv0258,Synthetic surveys indicator #258,Surveys
srv0259,Synthetic surveys indicator #259,Surveys
srv0260,Synthetic surveys indicator #260,Surveys
srv0261,Synthetic surveys indicator #261,Surveys
srv0262,Synthetic surveys indicator #262,Surveys
srv0263,Synthetic surveys indicator #263,Surveys
srv0264,Synthetic surveys indicator #264,Surveys
srv0265,Synthetic surveys indicator #265,Surveys
srv0266,Synthetic surveys indicator #266,Surveys
srv0267,Synthetic surveys indicator #267,Surveys
srv0268,Synthetic surveys indicator #268,Surveys
srv0269,Synthetic surveys indicator #269,Surveys
srv0270,Synthetic surveys indicator #270,Surveys
srv0271,Synthetic surveys indicator #271,Surveys
srv0272,Synthetic surveys indicator #272,Surveys
srv0273,Synthetic surveys indicator #273,Surveys
srv0274,Synthetic surveys indicator #274,Surveys
srv0275,Synthetic surveys indicator #275,Surveys
srv0276,Synthetic surveys indicator #276,Surveys
srv0277,Synthetic surveys indicator #277,Surveys
srv0278,Synthetic surveys indicator #278,Surveys
srv0279,Synthetic surveys indicator #279,Surveys
srv0280,Synthetic surveys indicator #280,Surveys
srv0281,Synthetic surveys indicator #281,Surveys
srv0282,Synthetic surveys indicator #282,Surveys
srv0283,Synthetic surveys indicator #283,Surveys
srv0284,Synthetic surveys indicator #284,Surveys
srv0285,Synthetic surveys indicator #285,Surveys
srv0286,Synthetic surveys indicator #286,Surveys
srv0287,Synthetic surveys indicator #287,Surveys
srv0288,Synthetic surveys indicator #288,Surveys
srv0289,Synthetic surveys indicator #289,Surveys
srv0290,Synthetic surveys indicator #290,Surveys
srv0291,Synthetic surveys indicator #291,Surveys
srv0292,Synthetic surveys indicator #292,Surveys
srv0293,Synthetic surveys indicator #293,Surveys
srv0294,Synthetic surveys indicator #294,Surveys
srv0295,Synthetic surveys indicator #295,Surveys
srv0296,Synthetic surveys indicator #296,Surveys
srv0297,Synthetic surveys indicator #297,Surveys
srv0298,Synthetic surveys indicator #298,Surveys
srv0299,Synthetic surveys indicator #299,Surveys
srv0300,Synthetic surveys indicator #300,Surveys
srv0301,Synthetic surveys indicator #301,Surveys
srv0302,Synthetic surveys indicator #302,Surveys
srv0303,Synthetic surveys indicator #303,Surveys
srv0304,Synthetic surveys indicator #304,Surveys
srv0305,Synthetic surveys indicator #305,Surveys
srv0306,Synthetic surveys indicator #306,Surveys
srv0307,Synthetic surveys indicator #307,Surveys
srv0308,Synthetic surveys indicator #308,Surveys
srv0309,Synthetic surveys indicator #309,Surveys
srv0310,Synthetic surveys indicator #310,Surveys
srv0311,Synthetic surveys indicator #311,Surveys
srv0312,Synthetic surveys indicator #312,Surveys
srv0313,Synthetic surveys indicator #313,Surveys
srv0314,Synthetic surveys indicator #314,Surveys
srv0315,Synthetic surveys indicator #315,Surveys
srv0316,Synthetic surveys indicator #316,Surveys
srv0317,Synthetic surveys indicator #317,Surveys
srv0318,Synthetic surveys indicator #318,Surveys
srv0319,Synthetic surveys indicator #319,Surveys
srv0320,Synthetic surveys indicator #320,Surveys
srv0321,Synthetic surveys indicator #321,Surveys
srv0322,Synthetic surveys indicator #322,Surveys
srv0323,Synthetic surveys indicator #323,Surveys
srv0324,Synthetic surveys indicator #324,Surveys
srv0325,Synthetic surveys indicator #325,Surveys
srv0326,Synthetic surveys indicator #326,Surveys
srv0327,Synthetic surveys indicator #327,Surveys
srv0328,Synthetic surveys indicator #328,Surveys
srv0329,Synthetic surveys indicator #329,Surveys
srv0330,Synthetic surveys indicator #330,Surveys
srv0331,Synthetic surveys indicator #331,Surveys
srv0332,Synthetic surveys indicator #332,Surveys
srv0333,Synthetic surveys indicator #333,Surveys
srv0334,Synthetic surveys indicator #334,Surveys
srv0335,Synthetic surveys indicator #335,Surveys
srv0336,Synthetic surveys indicator #336,Surveys
srv0337,Synthetic surveys indicator #337,Surveys
srv0338,Synthetic surveys indicator #338,Surveys
srv0339,Synthetic surveys indicator #339,Surveys
ord0340,Synthetic orders indicator #340,Orders
ord0341,Synthetic orders indicator #341,Orders
ord0342,Synthetic orders indicator #342,Orders
ord0343,Synthetic orders indicator #343,Orders
ord0344,Synthetic orders indicator #344,Orders
ord0345,Synthetic orders indicator #345,Orders
ord0346,Synthetic orders indicator #346,Orders
ord0347,Synthetic orders indicator #347,Orders
ord0348,Synthetic orders indicator #348,Orders
ord0349,Synthetic orders indicator #349,Orders
ord0350,Synthetic orders indicator #350,Orders
ord0351,Synthetic orders indicator #351,Orders
ord0352,Synthetic orders indicator #352,Orders
ord0353,Synthetic orders indicator #353,Orders
ord0354,Synthetic orders indicator #354,Orders
ord0355,Synthetic orders indicator #355,Orders
ord0356,Synthetic orders indicator #356,Orders
ord0357,Synthetic orders indicator #357,Orders
ord0358,Synthetic orders indicator #358,Orders
ord0359,Synthetic orders indicator #359,Orders
ord0360,Synthetic orders indicator #360,Orders
ord0361,Synthetic orders indicator #361,Orders
ord0362,Synthetic orders indicator #362,Orders
ord0363,Synthetic orders indicator #363,Orders
ord0364,Synthetic orders indicator #364,Orders
ord0365,Synthetic orders indicator #365,Orders
ord0366,Synthetic orders indicator #366,Orders
ord0367,Synthetic orders indicator #367,Orders
ord0368,Synthetic orders indicator #368,Orders
ord0369,Synthetic orders indicator #369,Orders
ord0370,Synthetic orders indicator #370,Orders
ord0371,Synthetic orders indicator #371,Orders
ord0372,Synthetic orders indicator #372,Orders
ord0373,Synthetic orders indicator #373,Orders
ord0374,Synthetic orders indicator #374,Orders
trn0375,Synthetic turnover indicator #375,Turnover
trn0376,Synthetic turnover indicator #376,Turnover
trn0377,Synthetic turnover indicator #377,Turnover
trn0378,Synthetic turnover indicator #378,Turnover
trn0379,Synthetic turnover indicator #379,Turnover
trn0380,Synthetic turnover indicator #380,Turnover
trn0381,Synthetic turnover indicator #381,Turnover
trn0382,Synthetic turnover indicator #382,Turnover
trn0383,Synthetic turnover indicator #383,Turnover
trn0384,Synthetic turnover indicator #384,Turnover
trn0385,Synthetic turnover indicator #385,Turnover
trn0386,Synthetic turnover indicator #386,Turnover
trn0387,Synthetic turnover indicator #387,Turnover
trn0388,Synthetic turnover indicator #388,Turnover
trn0389,Synthetic turnover indicator #389,Turnover
trn0390,Synthetic turnover indicator #390,Turnover
trn0391,Synthetic turnover indicator #391,Turnover
trn0392,Synthetic turnover indicator #392,Turnover
trn0393,Synthetic turnover indicator #393,Turnover
trn0394,Synthetic turnover indicator #394,Turnover
trn0395,Synthetic turnover indicator #395,Turnover
trn0396,Synthetic turnover indicator #396,Turnover
trn0397,Synthetic turnover indicator #397,Turnover
trn0398,Synthetic turnover indicator #398,Turnover
trn0399,Synthetic turnover indicator #399,Turnover
trn0400,Synthetic turnover indicator #400,Turnover
trn0401,Synthetic turnover indicator #401,Turnover
trn0402,Synthetic turnover indicator #402,Turnover
trn0403,Synthetic turnover indicator #403,Turnover
prd0404,Synthetic production indicator #404,Production
prd0405,Synthetic production indicator #405,Production
prd0406,Synthetic production indicator #406,Production
prd0407,Synthetic production indicator #407,Production
prd0408,Synthetic production indicator #408,Production
prd0409,Synthetic production indicator #409,Production
prd0410,Synthetic production indicator #410,Production
prd0411,Synthetic production indicator #411,Production
prd0412,Synthetic production indicator #412,Production
prd0413,Synthetic production indicator #413,Production
prd0414,Synthetic production indicator #414,Production
prd0415,Synthetic production indicator #415,Production
prd0416,Synthetic production indicator #416,Production
prd0417,Synthetic production indicator #417,Production
prd0418,Synthetic production indicator #418,Production
prd0419,Synthetic production indicator #419,Production
prd0420,Synthetic production indicator #420,Production
prd0421,Synthetic production indicator #421,Production
prd0422,Synthetic production indicator #422,Production
prd0423,Synthetic production indicator #423,Production
prd0424,Synthetic production indicator #424,Production
prd0425,Synthetic production indicator #425,Production
prd0426,Synthetic production indicator #426,Production
prd0427,Synthetic production indicator #427,Production
prd0428,Synthetic production indicator #428,Production
prd0429,Synthetic production indicator #429,Production
prd0430,Synthetic production indicator #430,Production
prd0431,Synthetic production indicator #431,Production
prd0432,Synthetic production indicator #432,Production
prd0433,Synthetic production indicator #433,Production
prd0434,Synthetic production indicator #434,Production
prd0435,Synthetic production indicator #435,Production
prd0436,Synthetic production indicator #436,Production
prd0437,Synthetic production indicator #437,Production
prd0438,Synthetic production indicator #438,Production
prd0439,Synthetic production indicator #439,Production
prd0440,Synthetic production indicator #440,Production
prd0441,Synthetic production indicator #441,Production
prd0442,Synthetic production indicator #442,Production
prd0443,Synthetic production indicator #443,Production
prd0444,Synthetic production indicator #444,Production
con0445,Synthetic construction indicator #445,Construction
con0446,Synthetic construction indicator #446,Construction
con0447,Synthetic construction indicator #447,Construction
con0448,Synthetic construction indicator #448,Construction
con0449,Synthetic construction indicator #449,Construction
con0450,Synthetic construction indicator #450,Construction
con0451,Synthetic construction indicator #451,Construction
con0452,Synthetic construction indicator #452,Construction
con0453,Synthetic construction indicator #453,Construction
con0454,Synthetic construction indicator #454,Construction
con0455,Synthetic construction indicator #455,Construction
con0456,Synthetic construction indicator #456,Construction
con0457,Synthetic construction indicator #457,Construction
con0458,Synthetic construction indicator #458,Construction
con0459,Synthetic construction indicator #459,Construction
con0460,Synthetic construction indicator #460,Construction
con0461,Synthetic construction indicator #461,Construction
con0462,Synthetic construction indicator #462,Construction
trd0463,Synthetic trade indicator #463,Trade
trd0464,Synthetic trade indicator #464,Trade
trd0465,Synthetic trade indicator #465,Trade
trd0466,Synthetic trade indicator #466,Trade
trd0467,Synthetic trade indicator #467,Trade
trd0468,Synthetic trade indicator #468,Trade
trd0469,Synthetic trade indicator #469,Trade
trd0470,Synthetic trade indicator #470,Trade
trd0471,Synthetic trade indicator #471,Trade
trd0472,Synthetic trade indicator #472,Trade
trd0473,Synthetic trade indicator #473,Trade
trd0474,Synthetic trade indicator #474,Trade
trd0475,Synthetic trade indicator #475,Trade
trd0476,Synthetic trade indicator #476,Trade
trd0477,Synthetic trade indicator #477,Trade
trd0478,Synthetic trade indicator #478,Trade
trd0479,Synthetic trade indicator #479,Trade
trd0480,Synthetic trade indicator #480,Trade
trd0481,Synthetic trade indicator #481,Trade
trd0482,Synthetic trade indicator #482,Trade
trd0483,Synthetic trade indicator #483,Trade
trd0484,Synthetic trade indicator #484,Trade
trd0485,Synthetic trade indicator #485,Trade
trd0486,Synthetic trade indicator #486,Trade
trd0487,Synthetic trade indicator #487,Trade
trd0488,Synthetic trade indicator #488,Trade
trd0489,Synthetic trade indicator #489,Trade
trd0490,Synthetic trade indicator #490,Trade
trd0491,Synthetic trade indicator #491,Trade
prc0492,Synthetic prices indicator #492,Prices
prc0493,Synthetic prices indicator #493,Prices
prc0494,Synthetic prices indicator #494,Prices
prc0495,Synthetic prices indicator #495,Prices
prc0496,Synthetic prices indicator #496,Prices
prc0497,Synthetic prices indicator #497,Prices
prc0498,Synthetic prices indicator #498,Prices
prc0499,Synthetic prices indicator #499,Prices
prc0500,Synthetic prices indicator #500,Prices
prc0501,Synthetic prices indicator #501,Prices
prc0502,Synthetic prices indicator #502,Prices
prc0503,Synthetic prices indicator #503,Prices
prc0504,Synthetic prices indicator #504,Prices
prc0505,Synthetic prices indicator #505,Prices
prc0506,Synthetic prices indicator #506,Prices
prc0507,Synthetic prices indicator #507,Prices
prc0508,Synthetic prices indicator #508,Prices
prc0509,Synthetic prices indicator #509,Prices
prc0510,Synthetic prices indicator #510,Prices
prc0511,Synthetic prices indicator #511,Prices
prc0512,Synthetic prices indicator #512,Prices
prc0513,Synthetic prices indicator #513,Prices
prc0514,Synthetic prices indicator #514,Prices
cmd0515,Synthetic commodities indicator #515,Commodities
cmd0516,Synthetic commodities indicator #516,Commodities
cmd0517,Synthetic commodities indicator #517,Commodities
cmd0518,Synthetic commodities indicator #518,Commodities
cmd0519,Synthetic commodities indicator #519,Commodities
cmd0520,Synthetic commodities indicator #520,Commodities
cmd0521,Synthetic commodities indicator #521,Commodities
cmd0522,Synthetic commodities indicator #522,Commodities
cmd0523,Synthetic commodities indicator #523,Commodities
cmd0524,Synthetic commodities indicator #524,Commodities
cmd0525,Synthetic commodities indicator #525,Commodities
cmd0526,Synthetic commodities indicator #526,Commodities
cmd0527,Synthetic commodities indicator #527,Commodities
cmd0528,Synthetic commodities indicator #528,Commodities
cmd0529,Synthetic commodities indicator #529,Commodities
cmd0530,Synthetic commodities indicator #530,Commodities
cmd0531,Synthetic commodities indicator #531,Commodities
cmd0532,Synthetic commodities indicator #532,Commodities
fin0533,Synthetic financial indicator #533,Financial
fin0534,Synthetic financial indicator #534,Financial
fin0535,Synthetic financial indicator #535,Financial
fin0536,Synthetic financial indicator #536,Financial
fin0537,Synthetic financial indicator #537,Financial
fin0538,Synthetic financial indicator #538,Financial
fin0539,Synthetic financial indicator #539,Financial
fin0540,Synthetic financial indicator #540,Financial
fin0541,Synthetic financial indicator #541,Financial
fin0542,Synthetic financial indicator #542,Financial
fin0543,Synthetic financial indicator #543,Financial
fin0544,Synthetic financial indicator #544,Financial
fin0545,Synthetic financial indicator #545,Financial
fin0546,Synthetic financial indicator #546,Financial
fin0547,Synthetic financial indicator #547,Financial
fin0548,Synthetic financial indicator #548,Financial
fin0549,Synthetic financial indicator #549,Financial
fin0550,Synthetic financial indicator #550,Financial
glb0551,Synthetic global indicator #551,Global
glb0552,Synthetic global indicator #552,Global
glb0553,Synthetic global indicator #553,Global
glb0554,Synthetic global indicator #554,Global
glb0555,Synthetic global indicator #555,Global
glb0556,Synthetic global indicator #556,Global
glb0557,Synthetic global indicator #557,Global
glb0558,Synthetic global indicator #558,Global
glb0559,Synthetic global indicator #559,Global
glb0560,Synthetic global indicator #560,Global
glb0561,Synthetic global indicator #561,Global
glb0562,Synthetic global indicator #562,Global
msc0563,Synthetic misc indicator #563,Misc
msc0564,Synthetic misc indicator #564,Misc
msc0565,Synthetic misc indicator #565,Misc
msc0566,Synthetic misc indicator #566,Misc
msc0567,Synthetic misc indicator #567,Misc
msc0568,Synthetic misc indicator #568,Misc
msc0569,Synthetic misc indicator #569,Misc
msc0570,Synthetic misc indicator #570,Misc
msc0571,Synthetic misc indicator #571,Misc
msc0572,Synthetic misc indicator #572,Misc
msc0573,Synthetic misc indicator #573,Misc
msc0574,Synthetic misc indicator #574,Misc
msc0575,Synthetic misc indicator #575,Misc
msc0576,Synthetic misc indicator #576,Misc
msc0577,Synthetic misc indicator #577,Misc
msc0578,Synthetic misc indicator #578,Misc
msc0579,Synthetic misc indicator #579,Misc
msc0580,Synthetic misc indicator #580,Misc
msc0581,Synthetic misc indicator #581,Misc
msc0582,Synthetic misc indicator #582,Misc
msc0583,Synthetic misc indicator #583,Misc
msc0584,Synthetic misc indicator #584,Misc
msc0585,Synthetic misc indicator #585,Misc
