record_type,quarter,date,origin,n_indicators,factor,category,share,rank,id,name,loading,abs_loading
category,2011Q1,2011-03-31,2011-05,30,1,Production,0.0583,,,,,
category,2011Q1,2011-03-31,2011-05,52,1,Turnover,0.2151,,,,,
category,2011Q1,2011-03-31,2011-05,21,1,Orders,0.0542,,,,,
category,2011Q1,2011-03-31,2011-05,45,1,Surveys,0.021,,,,,
category,2011Q1,2011-03-31,2011-05,33,1,Trade,0.4667,,,,,
category,2011Q1,2011-03-31,2011-05,35,1,Global,0.1557,,,,,
category,2011Q1,2011-03-31,2011-05,36,1,Misc,0.0289,,,,,
category,2011Q1,2011-03-31,2011-05,22,2,Production,0.0042,,,,,
category,2011Q1,2011-03-31,2011-05,58,2,Turnover,0.5065,,,,,
category,2011Q1,2011-03-31,2011-05,53,2,Orders,0.0849,,,,,
category,2011Q1,2011-03-31,2011-05,30,2,Surveys,0.0919,,,,,
category,2011Q1,2011-03-31,2011-05,23,2,Trade,0.1822,,,,,
category,2011Q1,2011-03-31,2011-05,54,2,Global,0.0496,,,,,
category,2011Q1,2011-03-31,2011-05,29,2,Misc,0.0808,,,,,
category,2011Q2,2011-06-30,2011-08,45,1,Production,0.3096,,,,,
category,2011Q2,2011-06-30,2011-08,47,1,Turnover,0.1379,,,,,
category,2011Q2,2011-06-30,2011-08,31,1,Orders,0.169,,,,,
category,2011Q2,2011-06-30,2011-08,22,1,Surveys,0.2553,,,,,
category,2011Q2,2011-06-30,2011-08,26,1,Trade,0.0134,,,,,
category,2011Q2,2011-06-30,2011-08,37,1,Global,0.0572,,,,,
category,2011Q2,2011-06-30,2011-08,22,1,Misc,0.0575,,,,,
category,2011Q2,2011-06-30,2011-08,44,2,Production,0.0882,,,,,
category,2011Q2,2011-06-30,2011-08,22,2,Turnover,0.3006,,,,,
category,2011Q2,2011-06-30,2011-08,37,2,Orders,0.273,,,,,
category,2011Q2,2011-06-30,2011-08,53,2,Surveys,0.0355,,,,,
category,2011Q2,2011-06-30,2011-08,50,2,Trade,0.1423,,,,,
category,2011Q2,2011-06-30,2011-08,26,2,Global,0.1187,,,,,
category,2011Q2,2011-06-30,2011-08,54,2,Misc,0.0417,,,,,
category,2011Q3,2011-09-30,2011-11,24,1,Production,0.1096,,,,,
category,2011Q3,2011-09-30,2011-11,27,1,Turnover,0.0653,,,,,
category,2011Q3,2011-09-30,2011-11,43,1,Orders,0.4924,,,,,
category,2011Q3,2011-09-30,2011-11,46,1,Surveys,0.0058,,,,,
category,2011Q3,2011-09-30,2011-11,48,1,Trade,0.2101,,,,,
category,2011Q3,2011-09-30,2011-11,21,1,Global,0.0748,,,,,
category,2011Q3,2011-09-30,2011-11,48,1,Misc,0.042,,,,,
category,2011Q3,2011-09-30,2011-11,54,2,Production,0.2378,,,,,
category,2011Q3,2011-09-30,2011-11,50,2,Turnover,0.0387,,,,,
category,2011Q3,2011-09-30,2011-11,27,2,Orders,0.2852,,,,,
category,2011Q3,2011-09-30,2011-11,46,2,Surveys,0.1965,,,,,
category,2011Q3,2011-09-30,2011-11,36,2,Trade,0.1408,,,,,
category,2011Q3,2011-09-30,2011-11,31,2,Global,0.097,,,,,
category,2011Q3,2011-09-30,2011-11,56,2,Misc,0.0039,,,,,
category,2011Q4,2011-12-31,2011-14,21,1,Production,0.0219,,,,,
category,2011Q4,2011-12-31,2011-14,23,1,Turnover,0.1103,,,,,
category,2011Q4,2011-12-31,2011-14,59,1,Orders,0.0475,,,,,
category,2011Q4,2011-12-31,2011-14,32,1,Surveys,0.2577,,,,,
category,2011Q4,2011-12-31,2011-14,36,1,Trade,0.1111,,,,,
category,2011Q4,2011-12-31,2011-14,25,1,Global,0.0532,,,,,
category,2011Q4,2011-12-31,2011-14,41,1,Misc,0.3984,,,,,
category,2011Q4,2011-12-31,2011-14,23,2,Production,0.2172,,,,,
category,2011Q4,2011-12-31,2011-14,31,2,Turnover,0.1837,,,,,
category,2011Q4,2011-12-31,2011-14,28,2,Orders,0.0315,,,,,
category,2011Q4,2011-12-31,2011-14,56,2,Surveys,0.1617,,,,,
category,2011Q4,2011-12-31,2011-14,34,2,Trade,0.3868,,,,,
category,2011Q4,2011-12-31,2011-14,39,2,Global,0.0056,,,,,
category,2011Q4,2011-12-31,2011-14,31,2,Misc,0.0135,,,,,
category,2012Q1,2012-03-31,2012-05,35,1,Production,0.2448,,,,,
category,2012Q1,2012-03-31,2012-05,47,1,Turnover,0.004,,,,,
category,2012Q1,2012-03-31,2012-05,49,1,Orders,0.0137,,,,,
category,2012Q1,2012-03-31,2012-05,28,1,Surveys,0.0095,,,,,
category,2012Q1,2012-03-31,2012-05,22,1,Trade,0.3926,,,,,
category,2012Q1,2012-03-31,2012-05,53,1,Global,0.219,,,,,
category,2012Q1,2012-03-31,2012-05,23,1,Misc,0.1163,,,,,
category,2012Q1,2012-03-31,2012-05,46,2,Production,0.1672,,,,,
category,2012Q1,2012-03-31,2012-05,56,2,Turnover,0.3113,,,,,
category,2012Q1,2012-03-31,2012-05,38,2,Orders,0.0868,,,,,
category,2012Q1,2012-03-31,2012-05,24,2,Surveys,0.0301,,,,,
category,2012Q1,2012-03-31,2012-05,45,2,Trade,0.0766,,,,,
category,2012Q1,2012-03-31,2012-05,31,2,Global,0.1937,,,,,
category,2012Q1,2012-03-31,2012-05,55,2,Misc,0.1343,,,,,
category,2012Q2,2012-06-30,2012-08,57,1,Production,0.0216,,,,,
category,2012Q2,2012-06-30,2012-08,45,1,Turnover,0.0332,,,,,
category,2012Q2,2012-06-30,2012-08,32,1,Orders,0.043,,,,,
category,2012Q2,2012-06-30,2012-08,22,1,Surveys,0.273,,,,,
category,2012Q2,2012-06-30,2012-08,55,1,Trade,0.1053,,,,,
category,2012Q2,2012-06-30,2012-08,21,1,Global,0.2192,,,,,
category,2012Q2,2012-06-30,2012-08,55,1,Misc,0.3046,,,,,
category,2012Q2,2012-06-30,2012-08,27,2,Production,0.1794,,,,,
category,2012Q2,2012-06-30,2012-08,40,2,Turnover,0.1019,,,,,
category,2012Q2,2012-06-30,2012-08,34,2,Orders,0.196,,,,,
category,2012Q2,2012-06-30,2012-08,53,2,Surveys,0.1538,,,,,
category,2012Q2,2012-06-30,2012-08,40,2,Trade,0.175,,,,,
category,2012Q2,2012-06-30,2012-08,42,2,Global,0.0711,,,,,
category,2012Q2,2012-06-30,2012-08,35,2,Misc,0.1228,,,,,
category,2012Q3,2012-09-30,2012-11,59,1,Production,0.0717,,,,,
category,2012Q3,2012-09-30,2012-11,58,1,Turnover,0.0357,,,,,
category,2012Q3,2012-09-30,2012-11,45,1,Orders,0.2346,,,,,
category,2012Q3,2012-09-30,2012-11,37,1,Surveys,0.0735,,,,,
category,2012Q3,2012-09-30,2012-11,20,1,Trade,0.018,,,,,
category,2012Q3,2012-09-30,2012-11,35,1,Global,0.2495,,,,,
category,2012Q3,2012-09-30,2012-11,35,1,Misc,0.3171,,,,,
category,2012Q3,2012-09-30,2012-11,36,2,Production,0.0538,,,,,
category,2012Q3,2012-09-30,2012-11,21,2,Turnover,0.1797,,,,,
category,2012Q3,2012-09-30,2012-11,22,2,Orders,0.0869,,,,,
category,2012Q3,2012-09-30,2012-11,36,2,Surveys,0.1381,,,,,
category,2012Q3,2012-09-30,2012-11,36,2,Trade,0.1076,,,,,
category,2012Q3,2012-09-30,2012-11,45,2,Global,0.2285,,,,,
category,2012Q3,2012-09-30,2012-11,47,2,Misc,0.2055,,,,,
category,2012Q4,2012-12-31,2012-14,20,1,Production,0.0501,,,,,
category,2012Q4,2012-12-31,2012-14,24,1,Turnover,0.0843,,,,,
category,2012Q4,2012-12-31,2012-14,38,1,Orders,0.2023,,,,,
category,2012Q4,2012-12-31,2012-14,34,1,Surveys,0.129,,,,,
category,2012Q4,2012-12-31,2012-14,58,1,Trade,0.3235,,,,,
category,2012Q4,2012-12-31,2012-14,45,1,Global,0.1532,,,,,
category,2012Q4,2012-12-31,2012-14,43,1,Misc,0.0576,,,,,
category,2012Q4,2012-12-31,2012-14,54,2,Production,0.1569,,,,,
category,2012Q4,2012-12-31,2012-14,25,2,Turnover,0.0536,,,,,
category,2012Q4,2012-12-31,2012-14,20,2,Orders,0.0199,,,,,
category,2012Q4,2012-12-31,2012-14,43,2,Surveys,0.0434,,,,,
category,2012Q4,2012-12-31,2012-14,26,2,Trade,0.3418,,,,,
category,2012Q4,2012-12-31,2012-14,47,2,Global,0.1176,,,,,
category,2012Q4,2012-12-31,2012-14,34,2,Misc,0.2669,,,,,
category,2013Q1,2013-03-31,2013-05,59,1,Production,0.5067,,,,,
category,2013Q1,2013-03-31,2013-05,48,1,Turnover,0.0836,,,,,
category,2013Q1,2013-03-31,2013-05,23,1,Orders,0.2134,,,,,
category,2013Q1,2013-03-31,2013-05,50,1,Surveys,0.0647,,,,,
category,2013Q1,2013-03-31,2013-05,49,1,Trade,0.0429,,,,,
category,2013Q1,2013-03-31,2013-05,49,1,Global,0.0807,,,,,
category,2013Q1,2013-03-31,2013-05,45,1,Misc,0.0079,,,,,
category,2013Q1,2013-03-31,2013-05,26,2,Production,0.5383,,,,,
category,2013Q1,2013-03-31,2013-05,45,2,Turnover,0.0654,,,,,
category,2013Q1,2013-03-31,2013-05,21,2,Orders,0.0691,,,,,
category,2013Q1,2013-03-31,2013-05,31,2,Surveys,0.1138,,,,,
category,2013Q1,2013-03-31,2013-05,32,2,Trade,0.1097,,,,,
category,2013Q1,2013-03-31,2013-05,48,2,Global,0.0337,,,,,
category,2013Q1,2013-03-31,2013-05,45,2,Misc,0.07,,,,,
category,2013Q2,2013-06-30,2013-08,33,1,Production,0.1866,,,,,
category,2013Q2,2013-06-30,2013-08,41,1,Turnover,0.2131,,,,,
category,2013Q2,2013-06-30,2013-08,37,1,Orders,0.0238,,,,,
category,2013Q2,2013-06-30,2013-08,35,1,Surveys,0.1813,,,,,
category,2013Q2,2013-06-30,2013-08,26,1,Trade,0.0527,,,,,
category,2013Q2,2013-06-30,2013-08,29,1,Global,0.1407,,,,,
category,2013Q2,2013-06-30,2013-08,37,1,Misc,0.2019,,,,,
category,2013Q2,2013-06-30,2013-08,23,2,Production,0.0783,,,,,
category,2013Q2,2013-06-30,2013-08,52,2,Turnover,0.1676,,,,,
category,2013Q2,2013-06-30,2013-08,40,2,Orders,0.2429,,,,,
category,2013Q2,2013-06-30,2013-08,26,2,Surveys,0.3702,,,,,
category,2013Q2,2013-06-30,2013-08,28,2,Trade,0.029,,,,,
category,2013Q2,2013-06-30,2013-08,52,2,Global,0.0145,,,,,
category,2013Q2,2013-06-30,2013-08,29,2,Misc,0.0974,,,,,
category,2013Q3,2013-09-30,2013-11,23,1,Production,0.3877,,,,,
category,2013Q3,2013-09-30,2013-11,57,1,Turnover,0.1507,,,,,
category,2013Q3,2013-09-30,2013-11,35,1,Orders,0.008,,,,,
category,2013Q3,2013-09-30,2013-11,46,1,Surveys,0.0223,,,,,
category,2013Q3,2013-09-30,2013-11,39,1,Trade,0.3272,,,,,
category,2013Q3,2013-09-30,2013-11,51,1,Global,0.094,,,,,
category,2013Q3,2013-09-30,2013-11,57,1,Misc,0.0101,,,,,
category,2013Q3,2013-09-30,2013-11,56,2,Production,0.2135,,,,,
category,2013Q3,2013-09-30,2013-11,45,2,Turnover,0.2148,,,,,
category,2013Q3,2013-09-30,2013-11,42,2,Orders,0.2623,,,,,
category,2013Q3,2013-09-30,2013-11,55,2,Surveys,0.1912,,,,,
category,2013Q3,2013-09-30,2013-11,58,2,Trade,0.1131,,,,,
category,2013Q3,2013-09-30,2013-11,21,2,Global,0.002,,,,,
category,2013Q3,2013-09-30,2013-11,22,2,Misc,0.0031,,,,,
category,2013Q4,2013-12-31,2013-14,58,1,Production,0.0584,,,,,
category,2013Q4,2013-12-31,2013-14,35,1,Turnover,0.1162,,,,,
category,2013Q4,2013-12-31,2013-14,33,1,Orders,0.0263,,,,,
category,2013Q4,2013-12-31,2013-14,20,1,Surveys,0.1002,,,,,
category,2013Q4,2013-12-31,2013-14,37,1,Trade,0.1812,,,,,
category,2013Q4,2013-12-31,2013-14,33,1,Global,0.155,,,,,
category,2013Q4,2013-12-31,2013-14,40,1,Misc,0.3627,,,,,
category,2013Q4,2013-12-31,2013-14,24,2,Production,0.0574,,,,,
category,2013Q4,2013-12-31,2013-14,59,2,Turnover,0.1791,,,,,
category,2013Q4,2013-12-31,2013-14,53,2,Orders,0.1302,,,,,
category,2013Q4,2013-12-31,2013-14,44,2,Surveys,0.1216,,,,,
category,2013Q4,2013-12-31,2013-14,57,2,Trade,0.258,,,,,
category,2013Q4,2013-12-31,2013-14,45,2,Global,0.0132,,,,,
category,2013Q4,2013-12-31,2013-14,54,2,Misc,0.2405,,,,,
category,2014Q1,2014-03-31,2014-05,57,1,Production,0.2089,,,,,
category,2014Q1,2014-03-31,2014-05,26,1,Turnover,0.1549,,,,,
category,2014Q1,2014-03-31,2014-05,37,1,Orders,0.2906,,,,,
category,2014Q1,2014-03-31,2014-05,25,1,Surveys,0.0165,,,,,
category,2014Q1,2014-03-31,2014-05,56,1,Trade,0.1493,,,,,
category,2014Q1,2014-03-31,2014-05,22,1,Global,0.0038,,,,,
category,2014Q1,2014-03-31,2014-05,54,1,Misc,0.1761,,,,,
category,2014Q1,2014-03-31,2014-05,43,2,Production,0.1462,,,,,
category,2014Q1,2014-03-31,2014-05,24,2,Turnover,0.1077,,,,,
category,2014Q1,2014-03-31,2014-05,58,2,Orders,0.0246,,,,,
category,2014Q1,2014-03-31,2014-05,29,2,Surveys,0.0353,,,,,
category,2014Q1,2014-03-31,2014-05,21,2,Trade,0.5987,,,,,
category,2014Q1,2014-03-31,2014-05,20,2,Global,0.0194,,,,,
category,2014Q1,2014-03-31,2014-05,21,2,Misc,0.0681,,,,,
category,2014Q2,2014-06-30,2014-08,31,1,Production,0.1944,,,,,
category,2014Q2,2014-06-30,2014-08,45,1,Turnover,0.1785,,,,,
category,2014Q2,2014-06-30,2014-08,27,1,Orders,0.0301,,,,,
category,2014Q2,2014-06-30,2014-08,24,1,Surveys,0.0859,,,,,
category,2014Q2,2014-06-30,2014-08,31,1,Trade,0.4184,,,,,
category,2014Q2,2014-06-30,2014-08,51,1,Global,0.0238,,,,,
category,2014Q2,2014-06-30,2014-08,31,1,Misc,0.0689,,,,,
category,2014Q2,2014-06-30,2014-08,35,2,Production,0.121,,,,,
category,2014Q2,2014-06-30,2014-08,25,2,Turnover,0.1284,,,,,
category,2014Q2,2014-06-30,2014-08,20,2,Orders,0.0293,,,,,
category,2014Q2,2014-06-30,2014-08,51,2,Surveys,0.136,,,,,
category,2014Q2,2014-06-30,2014-08,41,2,Trade,0.0678,,,,,
category,2014Q2,2014-06-30,2014-08,55,2,Global,0.2084,,,,,
category,2014Q2,2014-06-30,2014-08,51,2,Misc,0.3091,,,,,
category,2014Q3,2014-09-30,2014-11,54,1,Production,0.1312,,,,,
category,2014Q3,2014-09-30,2014-11,34,1,Turnover,0.2343,,,,,
category,2014Q3,2014-09-30,2014-11,52,1,Orders,0.1218,,,,,
category,2014Q3,2014-09-30,2014-11,23,1,Surveys,0.4062,,,,,
category,2014Q3,2014-09-30,2014-11,22,1,Trade,0.0363,,,,,
category,2014Q3,2014-09-30,2014-11,25,1,Global,0.0099,,,,,
category,2014Q3,2014-09-30,2014-11,54,1,Misc,0.0604,,,,,
category,2014Q3,2014-09-30,2014-11,33,2,Production,0.0079,,,,,
category,2014Q3,2014-09-30,2014-11,56,2,Turnover,0.0333,,,,,
category,2014Q3,2014-09-30,2014-11,58,2,Orders,0.0032,,,,,
category,2014Q3,2014-09-30,2014-11,47,2,Surveys,0.3396,,,,,
category,2014Q3,2014-09-30,2014-11,20,2,Trade,0.0286,,,,,
category,2014Q3,2014-09-30,2014-11,59,2,Global,0.1354,,,,,
category,2014Q3,2014-09-30,2014-11,57,2,Misc,0.452,,,,,
category,2014Q4,2014-12-31,2014-14,37,1,Production,0.1328,,,,,
category,2014Q4,2014-12-31,2014-14,35,1,Turnover,0.033,,,,,
category,2014Q4,2014-12-31,2014-14,20,1,Orders,0.513,,,,,
category,2014Q4,2014-12-31,2014-14,25,1,Surveys,0.1517,,,,,
category,2014Q4,2014-12-31,2014-14,33,1,Trade,0.1204,,,,,
category,2014Q4,2014-12-31,2014-14,22,1,Global,0.046,,,,,
category,2014Q4,2014-12-31,2014-14,21,1,Misc,0.0031,,,,,
category,2014Q4,2014-12-31,2014-14,36,2,Production,0.0669,,,,,
category,2014Q4,2014-12-31,2014-14,54,2,Turnover,0.0314,,,,,
category,2014Q4,2014-12-31,2014-14,38,2,Orders,0.2375,,,,,
category,2014Q4,2014-12-31,2014-14,23,2,Surveys,0.0943,,,,,
category,2014Q4,2014-12-31,2014-14,21,2,Trade,0.2093,,,,,
category,2014Q4,2014-12-31,2014-14,56,2,Global,0.3528,,,,,
category,2014Q4,2014-12-31,2014-14,34,2,Misc,0.0077,,,,,
category,2015Q1,2015-03-31,2015-05,48,1,Production,0.187,,,,,
category,2015Q1,2015-03-31,2015-05,36,1,Turnover,0.5326,,,,,
category,2015Q1,2015-03-31,2015-05,26,1,Orders,0.1116,,,,,
category,2015Q1,2015-03-31,2015-05,39,1,Surveys,0.0346,,,,,
category,2015Q1,2015-03-31,2015-05,27,1,Trade,0.0871,,,,,
category,2015Q1,2015-03-31,2015-05,26,1,Global,0.0201,,,,,
category,2015Q1,2015-03-31,2015-05,38,1,Misc,0.027,,,,,
category,2015Q1,2015-03-31,2015-05,58,2,Production,0.3119,,,,,
category,2015Q1,2015-03-31,2015-05,40,2,Turnover,0.1816,,,,,
category,2015Q1,2015-03-31,2015-05,36,2,Orders,0.1358,,,,,
category,2015Q1,2015-03-31,2015-05,23,2,Surveys,0.1232,,,,,
category,2015Q1,2015-03-31,2015-05,30,2,Trade,0.0876,,,,,
category,2015Q1,2015-03-31,2015-05,25,2,Global,0.0633,,,,,
category,2015Q1,2015-03-31,2015-05,21,2,Misc,0.0967,,,,,
category,2015Q2,2015-06-30,2015-08,32,1,Production,0.2415,,,,,
category,2015Q2,2015-06-30,2015-08,36,1,Turnover,0.2216,,,,,
category,2015Q2,2015-06-30,2015-08,34,1,Orders,0.3601,,,,,
category,2015Q2,2015-06-30,2015-08,31,1,Surveys,0.0003,,,,,
category,2015Q2,2015-06-30,2015-08,20,1,Trade,0.0746,,,,,
category,2015Q2,2015-06-30,2015-08,26,1,Global,0.0633,,,,,
category,2015Q2,2015-06-30,2015-08,25,1,Misc,0.0387,,,,,
category,2015Q2,2015-06-30,2015-08,21,2,Production,0.0152,,,,,
category,2015Q2,2015-06-30,2015-08,32,2,Turnover,0.1088,,,,,
category,2015Q2,2015-06-30,2015-08,25,2,Orders,0.1865,,,,,
category,2015Q2,2015-06-30,2015-08,38,2,Surveys,0.2626,,,,,
category,2015Q2,2015-06-30,2015-08,43,2,Trade,0.0864,,,,,
category,2015Q2,2015-06-30,2015-08,34,2,Global,0.3279,,,,,
category,2015Q2,2015-06-30,2015-08,34,2,Misc,0.0126,,,,,
category,2015Q3,2015-09-30,2015-11,49,1,Production,0.017,,,,,
category,2015Q3,2015-09-30,2015-11,47,1,Turnover,0.0562,,,,,
category,2015Q3,2015-09-30,2015-11,20,1,Orders,0.1715,,,,,
category,2015Q3,2015-09-30,2015-11,44,1,Surveys,0.3522,,,,,
category,2015Q3,2015-09-30,2015-11,34,1,Trade,0.351,,,,,
category,2015Q3,2015-09-30,2015-11,23,1,Global,0.013,,,,,
category,2015Q3,2015-09-30,2015-11,21,1,Misc,0.0391,,,,,
category,2015Q3,2015-09-30,2015-11,21,2,Production,0.1691,,,,,
category,2015Q3,2015-09-30,2015-11,42,2,Turnover,0.0534,,,,,
category,2015Q3,2015-09-30,2015-11,47,2,Orders,0.1363,,,,,
category,2015Q3,2015-09-30,2015-11,48,2,Surveys,0.2681,,,,,
category,2015Q3,2015-09-30,2015-11,59,2,Trade,0.1298,,,,,
category,2015Q3,2015-09-30,2015-11,31,2,Global,0.1006,,,,,
category,2015Q3,2015-09-30,2015-11,21,2,Misc,0.1427,,,,,
category,2015Q4,2015-12-31,2015-14,43,1,Production,0.0862,,,,,
category,2015Q4,2015-12-31,2015-14,44,1,Turnover,0.1275,,,,,
category,2015Q4,2015-12-31,2015-14,26,1,Orders,0.3779,,,,,
category,2015Q4,2015-12-31,2015-14,20,1,Surveys,0.0872,,,,,
category,2015Q4,2015-12-31,2015-14,28,1,Trade,0.2052,,,,,
category,2015Q4,2015-12-31,2015-14,31,1,Global,0.0273,,,,,
category,2015Q4,2015-12-31,2015-14,36,1,Misc,0.0886,,,,,
category,2015Q4,2015-12-31,2015-14,50,2,Production,0.2516,,,,,
category,2015Q4,2015-12-31,2015-14,28,2,Turnover,0.3534,,,,,
category,2015Q4,2015-12-31,2015-14,56,2,Orders,0.045,,,,,
category,2015Q4,2015-12-31,2015-14,45,2,Surveys,0.0986,,,,,
category,2015Q4,2015-12-31,2015-14,31,2,Trade,0.0758,,,,,
category,2015Q4,2015-12-31,2015-14,26,2,Global,0.0235,,,,,
category,2015Q4,2015-12-31,2015-14,58,2,Misc,0.1521,,,,,
category,2016Q1,2016-03-31,2016-05,20,1,Production,0.1344,,,,,
category,2016Q1,2016-03-31,2016-05,20,1,Turnover,0.0444,,,,,
category,2016Q1,2016-03-31,2016-05,51,1,Orders,0.0907,,,,,
category,2016Q1,2016-03-31,2016-05,39,1,Surveys,0.3619,,,,,
category,2016Q1,2016-03-31,2016-05,27,1,Trade,0.0513,,,,,
category,2016Q1,2016-03-31,2016-05,20,1,Global,0.0761,,,,,
category,2016Q1,2016-03-31,2016-05,23,1,Misc,0.2412,,,,,
category,2016Q1,2016-03-31,2016-05,32,2,Production,0.0403,,,,,
category,2016Q1,2016-03-31,2016-05,58,2,Turnover,0.219,,,,,
category,2016Q1,2016-03-31,2016-05,39,2,Orders,0.0097,,,,,
category,2016Q1,2016-03-31,2016-05,38,2,Surveys,0.1088,,,,,
category,2016Q1,2016-03-31,2016-05,24,2,Trade,0.1436,,,,,
category,2016Q1,2016-03-31,2016-05,32,2,Global,0.4225,,,,,
category,2016Q1,2016-03-31,2016-05,32,2,Misc,0.056,,,,,
category,2016Q2,2016-06-30,2016-08,26,1,Production,0.0067,,,,,
category,2016Q2,2016-06-30,2016-08,31,1,Turnover,0.3303,,,,,
category,2016Q2,2016-06-30,2016-08,57,1,Orders,0.1944,,,,,
category,2016Q2,2016-06-30,2016-08,52,1,Surveys,0.0364,,,,,
category,2016Q2,2016-06-30,2016-08,21,1,Trade,0.1882,,,,,
category,2016Q2,2016-06-30,2016-08,52,1,Global,0.1624,,,,,
category,2016Q2,2016-06-30,2016-08,22,1,Misc,0.0817,,,,,
category,2016Q2,2016-06-30,2016-08,20,2,Production,0.106,,,,,
category,2016Q2,2016-06-30,2016-08,56,2,Turnover,0.3223,,,,,
category,2016Q2,2016-06-30,2016-08,24,2,Orders,0.0769,,,,,
category,2016Q2,2016-06-30,2016-08,22,2,Surveys,0.1193,,,,,
category,2016Q2,2016-06-30,2016-08,48,2,Trade,0.0494,,,,,
category,2016Q2,2016-06-30,2016-08,21,2,Global,0.0523,,,,,
category,2016Q2,2016-06-30,2016-08,29,2,Misc,0.2737,,,,,
category,2016Q3,2016-09-30,2016-11,20,1,Production,0.0228,,,,,
category,2016Q3,2016-09-30,2016-11,38,1,Turnover,0.2333,,,,,
category,2016Q3,2016-09-30,2016-11,27,1,Orders,0.1369,,,,,
category,2016Q3,2016-09-30,2016-11,57,1,Surveys,0.0226,,,,,
category,2016Q3,2016-09-30,2016-11,54,1,Trade,0.2472,,,,,
category,2016Q3,2016-09-30,2016-11,42,1,Global,0.1116,,,,,
category,2016Q3,2016-09-30,2016-11,28,1,Misc,0.2256,,,,,
category,2016Q3,2016-09-30,2016-11,22,2,Production,0.0822,,,,,
category,2016Q3,2016-09-30,2016-11,43,2,Turnover,0.0525,,,,,
category,2016Q3,2016-09-30,2016-11,50,2,Orders,0.0009,,,,,
category,2016Q3,2016-09-30,2016-11,29,2,Surveys,0.084,,,,,
category,2016Q3,2016-09-30,2016-11,55,2,Trade,0.4749,,,,,
category,2016Q3,2016-09-30,2016-11,38,2,Global,0.0149,,,,,
category,2016Q3,2016-09-30,2016-11,50,2,Misc,0.2907,,,,,
category,2016Q4,2016-12-31,2016-14,41,1,Production,0.3692,,,,,
category,2016Q4,2016-12-31,2016-14,34,1,Turnover,0.0513,,,,,
category,2016Q4,2016-12-31,2016-14,49,1,Orders,0.0751,,,,,
category,2016Q4,2016-12-31,2016-14,50,1,Surveys,0.3147,,,,,
category,2016Q4,2016-12-31,2016-14,33,1,Trade,0.0395,,,,,
category,2016Q4,2016-12-31,2016-14,45,1,Global,0.0436,,,,,
category,2016Q4,2016-12-31,2016-14,24,1,Misc,0.1066,,,,,
category,2016Q4,2016-12-31,2016-14,32,2,Production,0.0312,,,,,
category,2016Q4,2016-12-31,2016-14,28,2,Turnover,0.0659,,,,,
category,2016Q4,2016-12-31,2016-14,27,2,Orders,0.0243,,,,,
category,2016Q4,2016-12-31,2016-14,32,2,Surveys,0.0076,,,,,
category,2016Q4,2016-12-31,2016-14,56,2,Trade,0.3206,,,,,
category,2016Q4,2016-12-31,2016-14,45,2,Global,0.1553,,,,,
category,2016Q4,2016-12-31,2016-14,33,2,Misc,0.3951,,,,,
category,2017Q1,2017-03-31,2017-05,59,1,Production,0.0324,,,,,
category,2017Q1,2017-03-31,2017-05,55,1,Turnover,0.1215,,,,,
category,2017Q1,2017-03-31,2017-05,39,1,Orders,0.1038,,,,,
category,2017Q1,2017-03-31,2017-05,23,1,Surveys,0.24,,,,,
category,2017Q1,2017-03-31,2017-05,58,1,Trade,0.425,,,,,
category,2017Q1,2017-03-31,2017-05,28,1,Global,0.0133,,,,,
category,2017Q1,2017-03-31,2017-05,38,1,Misc,0.0641,,,,,
category,2017Q1,2017-03-31,2017-05,23,2,Production,0.1017,,,,,
category,2017Q1,2017-03-31,2017-05,24,2,Turnover,0.0712,,,,,
category,2017Q1,2017-03-31,2017-05,53,2,Orders,0.1221,,,,,
category,2017Q1,2017-03-31,2017-05,21,2,Surveys,0.2707,,,,,
category,2017Q1,2017-03-31,2017-05,52,2,Trade,0.2649,,,,,
category,2017Q1,2017-03-31,2017-05,26,2,Global,0.0808,,,,,
category,2017Q1,2017-03-31,2017-05,23,2,Misc,0.0886,,,,,
category,2017Q2,2017-06-30,2017-08,35,1,Production,0.278,,,,,
category,2017Q2,2017-06-30,2017-08,57,1,Turnover,0.0006,,,,,
category,2017Q2,2017-06-30,2017-08,28,1,Orders,0.238,,,,,
category,2017Q2,2017-06-30,2017-08,31,1,Surveys,0.1417,,,,,
category,2017Q2,2017-06-30,2017-08,45,1,Trade,0.0715,,,,,
category,2017Q2,2017-06-30,2017-08,33,1,Global,0.1435,,,,,
category,2017Q2,2017-06-30,2017-08,38,1,Misc,0.1267,,,,,
category,2017Q2,2017-06-30,2017-08,33,2,Production,0.1362,,,,,
category,2017Q2,2017-06-30,2017-08,51,2,Turnover,0.2562,,,,,
category,2017Q2,2017-06-30,2017-08,45,2,Orders,0.1114,,,,,
category,2017Q2,2017-06-30,2017-08,51,2,Surveys,0.2519,,,,,
category,2017Q2,2017-06-30,2017-08,26,2,Trade,0.0575,,,,,
category,2017Q2,2017-06-30,2017-08,50,2,Global,0.0552,,,,,
category,2017Q2,2017-06-30,2017-08,32,2,Misc,0.1315,,,,,
category,2017Q3,2017-09-30,2017-11,42,1,Production,0.4413,,,,,
category,2017Q3,2017-09-30,2017-11,27,1,Turnover,0.2127,,,,,
category,2017Q3,2017-09-30,2017-11,34,1,Orders,0.0443,,,,,
category,2017Q3,2017-09-30,2017-11,22,1,Surveys,0.0904,,,,,
category,2017Q3,2017-09-30,2017-11,34,1,Trade,0.0225,,,,,
category,2017Q3,2017-09-30,2017-11,24,1,Global,0.0371,,,,,
category,2017Q3,2017-09-30,2017-11,20,1,Misc,0.1516,,,,,
category,2017Q3,2017-09-30,2017-11,31,2,Production,0.0622,,,,,
category,2017Q3,2017-09-30,2017-11,53,2,Turnover,0.3449,,,,,
category,2017Q3,2017-09-30,2017-11,49,2,Orders,0.1797,,,,,
category,2017Q3,2017-09-30,2017-11,27,2,Surveys,0.1575,,,,,
category,2017Q3,2017-09-30,2017-11,41,2,Trade,0.1605,,,,,
category,2017Q3,2017-09-30,2017-11,30,2,Global,0.0556,,,,,
category,2017Q3,2017-09-30,2017-11,38,2,Misc,0.0397,,,,,
category,2017Q4,2017-12-31,2017-14,49,1,Production,0.1511,,,,,
category,2017Q4,2017-12-31,2017-14,55,1,Turnover,0.2085,,,,,
category,2017Q4,2017-12-31,2017-14,25,1,Orders,0.3156,,,,,
category,2017Q4,2017-12-31,2017-14,28,1,Surveys,0.0429,,,,,
category,2017Q4,2017-12-31,2017-14,51,1,Trade,0.0352,,,,,
category,2017Q4,2017-12-31,2017-14,20,1,Global,0.0902,,,,,
category,2017Q4,2017-12-31,2017-14,56,1,Misc,0.1565,,,,,
category,2017Q4,2017-12-31,2017-14,27,2,Production,0.137,,,,,
category,2017Q4,2017-12-31,2017-14,33,2,Turnover,0.403,,,,,
category,2017Q4,2017-12-31,2017-14,32,2,Orders,0.0402,,,,,
category,2017Q4,2017-12-31,2017-14,56,2,Surveys,0.0089,,,,,
category,2017Q4,2017-12-31,2017-14,25,2,Trade,0.2018,,,,,
category,2017Q4,2017-12-31,2017-14,48,2,Global,0.0997,,,,,
category,2017Q4,2017-12-31,2017-14,52,2,Misc,0.1095,,,,,
category,2018Q1,2018-03-31,2018-05,39,1,Production,0.0567,,,,,
category,2018Q1,2018-03-31,2018-05,49,1,Turnover,0.1279,,,,,
category,2018Q1,2018-03-31,2018-05,53,1,Orders,0.3297,,,,,
category,2018Q1,2018-03-31,2018-05,48,1,Surveys,0.3152,,,,,
category,2018Q1,2018-03-31,2018-05,44,1,Trade,0.1578,,,,,
category,2018Q1,2018-03-31,2018-05,45,1,Global,0.005,,,,,
category,2018Q1,2018-03-31,2018-05,26,1,Misc,0.0077,,,,,
category,2018Q1,2018-03-31,2018-05,39,2,Production,0.1762,,,,,
category,2018Q1,2018-03-31,2018-05,27,2,Turnover,0.3294,,,,,
category,2018Q1,2018-03-31,2018-05,36,2,Orders,0.0537,,,,,
category,2018Q1,2018-03-31,2018-05,52,2,Surveys,0.076,,,,,
category,2018Q1,2018-03-31,2018-05,26,2,Trade,0.0537,,,,,
category,2018Q1,2018-03-31,2018-05,20,2,Global,0.1397,,,,,
category,2018Q1,2018-03-31,2018-05,46,2,Misc,0.1713,,,,,
category,2018Q2,2018-06-30,2018-08,59,1,Production,0.0557,,,,,
category,2018Q2,2018-06-30,2018-08,38,1,Turnover,0.0661,,,,,
category,2018Q2,2018-06-30,2018-08,53,1,Orders,0.0632,,,,,
category,2018Q2,2018-06-30,2018-08,51,1,Surveys,0.3574,,,,,
category,2018Q2,2018-06-30,2018-08,25,1,Trade,0.0806,,,,,
category,2018Q2,2018-06-30,2018-08,52,1,Global,0.2572,,,,,
category,2018Q2,2018-06-30,2018-08,23,1,Misc,0.1198,,,,,
category,2018Q2,2018-06-30,2018-08,25,2,Production,0.147,,,,,
category,2018Q2,2018-06-30,2018-08,46,2,Turnover,0.4354,,,,,
category,2018Q2,2018-06-30,2018-08,26,2,Orders,0.0852,,,,,
category,2018Q2,2018-06-30,2018-08,43,2,Surveys,0.0149,,,,,
category,2018Q2,2018-06-30,2018-08,39,2,Trade,0.0429,,,,,
category,2018Q2,2018-06-30,2018-08,33,2,Global,0.2236,,,,,
category,2018Q2,2018-06-30,2018-08,21,2,Misc,0.051,,,,,
category,2018Q3,2018-09-30,2018-11,56,1,Production,0.3587,,,,,
category,2018Q3,2018-09-30,2018-11,32,1,Turnover,0.1364,,,,,
category,2018Q3,2018-09-30,2018-11,42,1,Orders,0.1832,,,,,
category,2018Q3,2018-09-30,2018-11,53,1,Surveys,0.0072,,,,,
category,2018Q3,2018-09-30,2018-11,20,1,Trade,0.0467,,,,,
category,2018Q3,2018-09-30,2018-11,31,1,Global,0.106,,,,,
category,2018Q3,2018-09-30,2018-11,30,1,Misc,0.1618,,,,,
category,2018Q3,2018-09-30,2018-11,28,2,Production,0.1696,,,,,
category,2018Q3,2018-09-30,2018-11,36,2,Turnover,0.3854,,,,,
category,2018Q3,2018-09-30,2018-11,31,2,Orders,0.0403,,,,,
category,2018Q3,2018-09-30,2018-11,55,2,Surveys,0.0229,,,,,
category,2018Q3,2018-09-30,2018-11,44,2,Trade,0.2026,,,,,
category,2018Q3,2018-09-30,2018-11,55,2,Global,0.158,,,,,
category,2018Q3,2018-09-30,2018-11,59,2,Misc,0.0212,,,,,
category,2018Q4,2018-12-31,2018-14,55,1,Production,0.0305,,,,,
category,2018Q4,2018-12-31,2018-14,57,1,Turnover,0.2089,,,,,
category,2018Q4,2018-12-31,2018-14,54,1,Orders,0.0799,,,,,
category,2018Q4,2018-12-31,2018-14,37,1,Surveys,0.2834,,,,,
category,2018Q4,2018-12-31,2018-14,28,1,Trade,0.053,,,,,
category,2018Q4,2018-12-31,2018-14,40,1,Global,0.0238,,,,,
category,2018Q4,2018-12-31,2018-14,34,1,Misc,0.3204,,,,,
category,2018Q4,2018-12-31,2018-14,47,2,Production,0.1215,,,,,
category,2018Q4,2018-12-31,2018-14,31,2,Turnover,0.0562,,,,,
category,2018Q4,2018-12-31,2018-14,34,2,Orders,0.2228,,,,,
category,2018Q4,2018-12-31,2018-14,26,2,Surveys,0.0979,,,,,
category,2018Q4,2018-12-31,2018-14,55,2,Trade,0.2518,,,,,
category,2018Q4,2018-12-31,2018-14,53,2,Global,0.1796,,,,,
category,2018Q4,2018-12-31,2018-14,52,2,Misc,0.0702,,,,,
category,2019Q1,2019-03-31,2019-05,40,1,Production,0.0846,,,,,
category,2019Q1,2019-03-31,2019-05,24,1,Turnover,0.3343,,,,,
category,2019Q1,2019-03-31,2019-05,55,1,Orders,0.0332,,,,,
category,2019Q1,2019-03-31,2019-05,44,1,Surveys,0.0457,,,,,
category,2019Q1,2019-03-31,2019-05,49,1,Trade,0.3246,,,,,
category,2019Q1,2019-03-31,2019-05,39,1,Global,0.0963,,,,,
category,2019Q1,2019-03-31,2019-05,58,1,Misc,0.0813,,,,,
category,2019Q1,2019-03-31,2019-05,51,2,Production,0.0851,,,,,
category,2019Q1,2019-03-31,2019-05,51,2,Turnover,0.0049,,,,,
category,2019Q1,2019-03-31,2019-05,47,2,Orders,0.0128,,,,,
category,2019Q1,2019-03-31,2019-05,58,2,Surveys,0.277,,,,,
category,2019Q1,2019-03-31,2019-05,55,2,Trade,0.1424,,,,,
category,2019Q1,2019-03-31,2019-05,24,2,Global,0.3268,,,,,
category,2019Q1,2019-03-31,2019-05,43,2,Misc,0.151,,,,,
category,2019Q2,2019-06-30,2019-08,28,1,Production,0.056,,,,,
category,2019Q2,2019-06-30,2019-08,48,1,Turnover,0.0583,,,,,
category,2019Q2,2019-06-30,2019-08,46,1,Orders,0.008,,,,,
category,2019Q2,2019-06-30,2019-08,29,1,Surveys,0.0919,,,,,
category,2019Q2,2019-06-30,2019-08,42,1,Trade,0.3464,,,,,
category,2019Q2,2019-06-30,2019-08,34,1,Global,0.3297,,,,,
category,2019Q2,2019-06-30,2019-08,22,1,Misc,0.1097,,,,,
category,2019Q2,2019-06-30,2019-08,52,2,Production,0.0131,,,,,
category,2019Q2,2019-06-30,2019-08,35,2,Turnover,0.0559,,,,,
category,2019Q2,2019-06-30,2019-08,24,2,Orders,0.5388,,,,,
category,2019Q2,2019-06-30,2019-08,32,2,Surveys,0.0044,,,,,
category,2019Q2,2019-06-30,2019-08,43,2,Trade,0.1458,,,,,
category,2019Q2,2019-06-30,2019-08,49,2,Global,0.116,,,,,
category,2019Q2,2019-06-30,2019-08,52,2,Misc,0.126,,,,,
category,2019Q3,2019-09-30,2019-11,38,1,Production,0.2396,,,,,
category,2019Q3,2019-09-30,2019-11,49,1,Turnover,0.075,,,,,
category,2019Q3,2019-09-30,2019-11,29,1,Orders,0.2215,,,,,
category,2019Q3,2019-09-30,2019-11,23,1,Surveys,0.2771,,,,,
category,2019Q3,2019-09-30,2019-11,56,1,Trade,0.138,,,,,
category,2019Q3,2019-09-30,2019-11,55,1,Global,0.0051,,,,,
category,2019Q3,2019-09-30,2019-11,24,1,Misc,0.0437,,,,,
category,2019Q3,2019-09-30,2019-11,50,2,Production,0.1294,,,,,
category,2019Q3,2019-09-30,2019-11,56,2,Turnover,0.1199,,,,,
category,2019Q3,2019-09-30,2019-11,43,2,Orders,0.0115,,,,,
category,2019Q3,2019-09-30,2019-11,28,2,Surveys,0.473,,,,,
category,2019Q3,2019-09-30,2019-11,56,2,Trade,0.1429,,,,,
category,2019Q3,2019-09-30,2019-11,51,2,Global,0.0353,,,,,
category,2019Q3,2019-09-30,2019-11,56,2,Misc,0.0881,,,,,
category,2019Q4,2019-12-31,2019-14,51,1,Production,0.0821,,,,,
category,2019Q4,2019-12-31,2019-14,26,1,Turnover,0.1401,,,,,
category,2019Q4,2019-12-31,2019-14,32,1,Orders,0.1432,,,,,
category,2019Q4,2019-12-31,2019-14,52,1,Surveys,0.2201,,,,,
category,2019Q4,2019-12-31,2019-14,58,1,Trade,0.0597,,,,,
category,2019Q4,2019-12-31,2019-14,37,1,Global,0.1158,,,,,
category,2019Q4,2019-12-31,2019-14,22,1,Misc,0.2391,,,,,
category,2019Q4,2019-12-31,2019-14,53,2,Production,0.1341,,,,,
category,2019Q4,2019-12-31,2019-14,39,2,Turnover,0.1385,,,,,
category,2019Q4,2019-12-31,2019-14,45,2,Orders,0.0163,,,,,
category,2019Q4,2019-12-31,2019-14,59,2,Surveys,0.0253,,,,,
category,2019Q4,2019-12-31,2019-14,45,2,Trade,0.1288,,,,,
category,2019Q4,2019-12-31,2019-14,29,2,Global,0.3021,,,,,
category,2019Q4,2019-12-31,2019-14,30,2,Misc,0.2551,,,,,
category,2020Q1,2020-03-31,2020-05,57,1,Production,0.0196,,,,,
category,2020Q1,2020-03-31,2020-05,56,1,Turnover,0.0337,,,,,
category,2020Q1,2020-03-31,2020-05,49,1,Orders,0.0672,,,,,
category,2020Q1,2020-03-31,2020-05,58,1,Surveys,0.087,,,,,
category,2020Q1,2020-03-31,2020-05,20,1,Trade,0.4293,,,,,
category,2020Q1,2020-03-31,2020-05,45,1,Global,0.0311,,,,,
category,2020Q1,2020-03-31,2020-05,24,1,Misc,0.3321,,,,,
category,2020Q1,2020-03-31,2020-05,56,2,Production,0.0671,,,,,
category,2020Q1,2020-03-31,2020-05,44,2,Turnover,0.0843,,,,,
category,2020Q1,2020-03-31,2020-05,54,2,Orders,0.1136,,,,,
category,2020Q1,2020-03-31,2020-05,23,2,Surveys,0.0651,,,,,
category,2020Q1,2020-03-31,2020-05,59,2,Trade,0.3341,,,,,
category,2020Q1,2020-03-31,2020-05,55,2,Global,0.303,,,,,
category,2020Q1,2020-03-31,2020-05,41,2,Misc,0.0328,,,,,
category,2020Q2,2020-06-30,2020-08,39,1,Production,0.1571,,,,,
category,2020Q2,2020-06-30,2020-08,55,1,Turnover,0.3207,,,,,
category,2020Q2,2020-06-30,2020-08,31,1,Orders,0.0828,,,,,
category,2020Q2,2020-06-30,2020-08,42,1,Surveys,0.1643,,,,,
category,2020Q2,2020-06-30,2020-08,20,1,Trade,0.0574,,,,,
category,2020Q2,2020-06-30,2020-08,40,1,Global,0.1748,,,,,
category,2020Q2,2020-06-30,2020-08,40,1,Misc,0.043,,,,,
category,2020Q2,2020-06-30,2020-08,41,2,Production,0.0246,,,,,
category,2020Q2,2020-06-30,2020-08,31,2,Turnover,0.0287,,,,,
category,2020Q2,2020-06-30,2020-08,44,2,Orders,0.1423,,,,,
category,2020Q2,2020-06-30,2020-08,49,2,Surveys,0.0412,,,,,
category,2020Q2,2020-06-30,2020-08,51,2,Trade,0.3691,,,,,
category,2020Q2,2020-06-30,2020-08,30,2,Global,0.3451,,,,,
category,2020Q2,2020-06-30,2020-08,25,2,Misc,0.049,,,,,
category,2020Q3,2020-09-30,2020-11,39,1,Production,0.2243,,,,,
category,2020Q3,2020-09-30,2020-11,26,1,Turnover,0.1432,,,,,
category,2020Q3,2020-09-30,2020-11,41,1,Orders,0.2057,,,,,
category,2020Q3,2020-09-30,2020-11,59,1,Surveys,0.0801,,,,,
category,2020Q3,2020-09-30,2020-11,27,1,Trade,0.0497,,,,,
category,2020Q3,2020-09-30,2020-11,53,1,Global,0.1535,,,,,
category,2020Q3,2020-09-30,2020-11,43,1,Misc,0.1434,,,,,
category,2020Q3,2020-09-30,2020-11,26,2,Production,0.3416,,,,,
category,2020Q3,2020-09-30,2020-11,21,2,Turnover,0.0474,,,,,
category,2020Q3,2020-09-30,2020-11,28,2,Orders,0.1457,,,,,
category,2020Q3,2020-09-30,2020-11,49,2,Surveys,0.2445,,,,,
category,2020Q3,2020-09-30,2020-11,25,2,Trade,0.1201,,,,,
category,2020Q3,2020-09-30,2020-11,25,2,Global,0.0634,,,,,
category,2020Q3,2020-09-30,2020-11,29,2,Misc,0.0372,,,,,
category,2020Q4,2020-12-31,2020-14,49,1,Production,0.0819,,,,,
category,2020Q4,2020-12-31,2020-14,57,1,Turnover,0.0213,,,,,
category,2020Q4,2020-12-31,2020-14,28,1,Orders,0.1966,,,,,
category,2020Q4,2020-12-31,2020-14,36,1,Surveys,0.0713,,,,,
category,2020Q4,2020-12-31,2020-14,23,1,Trade,0.0922,,,,,
category,2020Q4,2020-12-31,2020-14,38,1,Global,0.3301,,,,,
category,2020Q4,2020-12-31,2020-14,56,1,Misc,0.2065,,,,,
category,2020Q4,2020-12-31,2020-14,56,2,Production,0.3531,,,,,
category,2020Q4,2020-12-31,2020-14,27,2,Turnover,0.2,,,,,
category,2020Q4,2020-12-31,2020-14,26,2,Orders,0.1155,,,,,
category,2020Q4,2020-12-31,2020-14,50,2,Surveys,0.1727,,,,,
category,2020Q4,2020-12-31,2020-14,53,2,Trade,0.0173,,,,,
category,2020Q4,2020-12-31,2020-14,57,2,Global,0.0302,,,,,
category,2020Q4,2020-12-31,2020-14,59,2,Misc,0.1112,,,,,
category,2021Q1,2021-03-31,2021-05,58,1,Production,0.1522,,,,,
category,2021Q1,2021-03-31,2021-05,49,1,Turnover,0.0045,,,,,
category,2021Q1,2021-03-31,2021-05,47,1,Orders,0.4392,,,,,
category,2021Q1,2021-03-31,2021-05,41,1,Surveys,0.1392,,,,,
category,2021Q1,2021-03-31,2021-05,58,1,Trade,0.0998,,,,,
category,2021Q1,2021-03-31,2021-05,47,1,Global,0.0465,,,,,
category,2021Q1,2021-03-31,2021-05,44,1,Misc,0.1186,,,,,
category,2021Q1,2021-03-31,2021-05,22,2,Production,0.0532,,,,,
category,2021Q1,2021-03-31,2021-05,46,2,Turnover,0.2146,,,,,
category,2021Q1,2021-03-31,2021-05,39,2,Orders,0.4716,,,,,
category,2021Q1,2021-03-31,2021-05,38,2,Surveys,0.0888,,,,,
category,2021Q1,2021-03-31,2021-05,37,2,Trade,0.0262,,,,,
category,2021Q1,2021-03-31,2021-05,48,2,Global,0.0168,,,,,
category,2021Q1,2021-03-31,2021-05,30,2,Misc,0.1288,,,,,
category,2021Q2,2021-06-30,2021-08,40,1,Production,0.1095,,,,,
category,2021Q2,2021-06-30,2021-08,45,1,Turnover,0.035,,,,,
category,2021Q2,2021-06-30,2021-08,20,1,Orders,0.1457,,,,,
category,2021Q2,2021-06-30,2021-08,41,1,Surveys,0.4996,,,,,
category,2021Q2,2021-06-30,2021-08,43,1,Trade,0.0447,,,,,
category,2021Q2,2021-06-30,2021-08,57,1,Global,0.1198,,,,,
category,2021Q2,2021-06-30,2021-08,55,1,Misc,0.0457,,,,,
category,2021Q2,2021-06-30,2021-08,58,2,Production,0.1143,,,,,
category,2021Q2,2021-06-30,2021-08,40,2,Turnover,0.179,,,,,
category,2021Q2,2021-06-30,2021-08,25,2,Orders,0.0237,,,,,
category,2021Q2,2021-06-30,2021-08,33,2,Surveys,0.0908,,,,,
category,2021Q2,2021-06-30,2021-08,42,2,Trade,0.2766,,,,,
category,2021Q2,2021-06-30,2021-08,26,2,Global,0.1213,,,,,
category,2021Q2,2021-06-30,2021-08,56,2,Misc,0.1942,,,,,
category,2021Q3,2021-09-30,2021-11,41,1,Production,0.0249,,,,,
category,2021Q3,2021-09-30,2021-11,45,1,Turnover,0.0878,,,,,
category,2021Q3,2021-09-30,2021-11,47,1,Orders,0.2357,,,,,
category,2021Q3,2021-09-30,2021-11,29,1,Surveys,0.179,,,,,
category,2021Q3,2021-09-30,2021-11,24,1,Trade,0.1633,,,,,
category,2021Q3,2021-09-30,2021-11,32,1,Global,0.1796,,,,,
category,2021Q3,2021-09-30,2021-11,33,1,Misc,0.1297,,,,,
category,2021Q3,2021-09-30,2021-11,55,2,Production,0.0705,,,,,
category,2021Q3,2021-09-30,2021-11,36,2,Turnover,0.2661,,,,,
category,2021Q3,2021-09-30,2021-11,31,2,Orders,0.1831,,,,,
category,2021Q3,2021-09-30,2021-11,37,2,Surveys,0.0801,,,,,
category,2021Q3,2021-09-30,2021-11,50,2,Trade,0.2703,,,,,
category,2021Q3,2021-09-30,2021-11,59,2,Global,0.0157,,,,,
category,2021Q3,2021-09-30,2021-11,34,2,Misc,0.1142,,,,,
category,2021Q4,2021-12-31,2021-14,51,1,Production,0.3541,,,,,
category,2021Q4,2021-12-31,2021-14,33,1,Turnover,0.2266,,,,,
category,2021Q4,2021-12-31,2021-14,54,1,Orders,0.1421,,,,,
category,2021Q4,2021-12-31,2021-14,59,1,Surveys,0.0349,,,,,
category,2021Q4,2021-12-31,2021-14,54,1,Trade,0.0574,,,,,
category,2021Q4,2021-12-31,2021-14,57,1,Global,0.1373,,,,,
category,2021Q4,2021-12-31,2021-14,54,1,Misc,0.0475,,,,,
category,2021Q4,2021-12-31,2021-14,21,2,Production,0.0955,,,,,
category,2021Q4,2021-12-31,2021-14,28,2,Turnover,0.4373,,,,,
category,2021Q4,2021-12-31,2021-14,59,2,Orders,0.1243,,,,,
category,2021Q4,2021-12-31,2021-14,51,2,Surveys,0.0993,,,,,
category,2021Q4,2021-12-31,2021-14,52,2,Trade,0.0008,,,,,
category,2021Q4,2021-12-31,2021-14,54,2,Global,0.1489,,,,,
category,2021Q4,2021-12-31,2021-14,43,2,Misc,0.0939,,,,,
category,2022Q1,2022-03-31,2022-05,53,1,Production,0.0842,,,,,
category,2022Q1,2022-03-31,2022-05,25,1,Turnover,0.2542,,,,,
category,2022Q1,2022-03-31,2022-05,39,1,Orders,0.1399,,,,,
category,2022Q1,2022-03-31,2022-05,32,1,Surveys,0.1754,,,,,
category,2022Q1,2022-03-31,2022-05,46,1,Trade,0.1404,,,,,
category,2022Q1,2022-03-31,2022-05,20,1,Global,0.158,,,,,
category,2022Q1,2022-03-31,2022-05,33,1,Misc,0.0479,,,,,
category,2022Q1,2022-03-31,2022-05,54,2,Production,0.2616,,,,,
category,2022Q1,2022-03-31,2022-05,24,2,Turnover,0.1918,,,,,
category,2022Q1,2022-03-31,2022-05,43,2,Orders,0.1343,,,,,
category,2022Q1,2022-03-31,2022-05,57,2,Surveys,0.1302,,,,,
category,2022Q1,2022-03-31,2022-05,56,2,Trade,0.1743,,,,,
category,2022Q1,2022-03-31,2022-05,28,2,Global,0.0097,,,,,
category,2022Q1,2022-03-31,2022-05,57,2,Misc,0.0981,,,,,
category,2022Q2,2022-06-30,2022-08,30,1,Production,0.0096,,,,,
category,2022Q2,2022-06-30,2022-08,44,1,Turnover,0.0569,,,,,
category,2022Q2,2022-06-30,2022-08,37,1,Orders,0.028,,,,,
category,2022Q2,2022-06-30,2022-08,33,1,Surveys,0.1291,,,,,
category,2022Q2,2022-06-30,2022-08,56,1,Trade,0.547,,,,,
category,2022Q2,2022-06-30,2022-08,27,1,Global,0.1542,,,,,
category,2022Q2,2022-06-30,2022-08,55,1,Misc,0.0752,,,,,
category,2022Q2,2022-06-30,2022-08,38,2,Production,0.4063,,,,,
category,2022Q2,2022-06-30,2022-08,26,2,Turnover,0.4498,,,,,
category,2022Q2,2022-06-30,2022-08,35,2,Orders,0.0989,,,,,
category,2022Q2,2022-06-30,2022-08,34,2,Surveys,0.0015,,,,,
category,2022Q2,2022-06-30,2022-08,31,2,Trade,0.0264,,,,,
category,2022Q2,2022-06-30,2022-08,29,2,Global,0.0136,,,,,
category,2022Q2,2022-06-30,2022-08,36,2,Misc,0.0035,,,,,
category,2022Q3,2022-09-30,2022-11,20,1,Production,0.1591,,,,,
category,2022Q3,2022-09-30,2022-11,44,1,Turnover,0.1477,,,,,
category,2022Q3,2022-09-30,2022-11,44,1,Orders,0.0625,,,,,
category,2022Q3,2022-09-30,2022-11,43,1,Surveys,0.1691,,,,,
category,2022Q3,2022-09-30,2022-11,22,1,Trade,0.0071,,,,,
category,2022Q3,2022-09-30,2022-11,54,1,Global,0.1059,,,,,
category,2022Q3,2022-09-30,2022-11,27,1,Misc,0.3487,,,,,
category,2022Q3,2022-09-30,2022-11,31,2,Production,0.0366,,,,,
category,2022Q3,2022-09-30,2022-11,56,2,Turnover,0.4416,,,,,
category,2022Q3,2022-09-30,2022-11,30,2,Orders,0.052,,,,,
category,2022Q3,2022-09-30,2022-11,58,2,Surveys,0.123,,,,,
category,2022Q3,2022-09-30,2022-11,55,2,Trade,0.0298,,,,,
category,2022Q3,2022-09-30,2022-11,31,2,Global,0.1503,,,,,
category,2022Q3,2022-09-30,2022-11,28,2,Misc,0.1667,,,,,
category,2022Q4,2022-12-31,2022-14,55,1,Production,0.2426,,,,,
category,2022Q4,2022-12-31,2022-14,37,1,Turnover,0.1371,,,,,
category,2022Q4,2022-12-31,2022-14,37,1,Orders,0.097,,,,,
category,2022Q4,2022-12-31,2022-14,22,1,Surveys,0.0162,,,,,
category,2022Q4,2022-12-31,2022-14,44,1,Trade,0.0665,,,,,
category,2022Q4,2022-12-31,2022-14,33,1,Global,0.0584,,,,,
category,2022Q4,2022-12-31,2022-14,41,1,Misc,0.3822,,,,,
category,2022Q4,2022-12-31,2022-14,31,2,Production,0.0464,,,,,
category,2022Q4,2022-12-31,2022-14,24,2,Turnover,0.3414,,,,,
category,2022Q4,2022-12-31,2022-14,42,2,Orders,0.255,,,,,
category,2022Q4,2022-12-31,2022-14,47,2,Surveys,0.1683,,,,,
category,2022Q4,2022-12-31,2022-14,49,2,Trade,0.0601,,,,,
category,2022Q4,2022-12-31,2022-14,27,2,Global,0.0322,,,,,
category,2022Q4,2022-12-31,2022-14,45,2,Misc,0.0967,,,,,
category,2023Q1,2023-03-31,2023-05,37,1,Production,0.0551,,,,,
category,2023Q1,2023-03-31,2023-05,46,1,Turnover,0.0541,,,,,
category,2023Q1,2023-03-31,2023-05,27,1,Orders,0.2339,,,,,
category,2023Q1,2023-03-31,2023-05,56,1,Surveys,0.048,,,,,
category,2023Q1,2023-03-31,2023-05,59,1,Trade,0.3781,,,,,
category,2023Q1,2023-03-31,2023-05,36,1,Global,0.1714,,,,,
category,2023Q1,2023-03-31,2023-05,21,1,Misc,0.0594,,,,,
category,2023Q1,2023-03-31,2023-05,50,2,Production,0.2882,,,,,
category,2023Q1,2023-03-31,2023-05,38,2,Turnover,0.044,,,,,
category,2023Q1,2023-03-31,2023-05,58,2,Orders,0.1355,,,,,
category,2023Q1,2023-03-31,2023-05,58,2,Surveys,0.2033,,,,,
category,2023Q1,2023-03-31,2023-05,50,2,Trade,0.1673,,,,,
category,2023Q1,2023-03-31,2023-05,37,2,Global,0.1244,,,,,
category,2023Q1,2023-03-31,2023-05,49,2,Misc,0.0373,,,,,
category,2023Q2,2023-06-30,2023-08,53,1,Production,0.3281,,,,,
category,2023Q2,2023-06-30,2023-08,56,1,Turnover,0.2055,,,,,
category,2023Q2,2023-06-30,2023-08,25,1,Orders,0.0154,,,,,
category,2023Q2,2023-06-30,2023-08,22,1,Surveys,0.0478,,,,,
category,2023Q2,2023-06-30,2023-08,35,1,Trade,0.0328,,,,,
category,2023Q2,2023-06-30,2023-08,33,1,Global,0.2499,,,,,
category,2023Q2,2023-06-30,2023-08,51,1,Misc,0.1205,,,,,
category,2023Q2,2023-06-30,2023-08,34,2,Production,0.1221,,,,,
category,2023Q2,2023-06-30,2023-08,37,2,Turnover,0.2886,,,,,
category,2023Q2,2023-06-30,2023-08,35,2,Orders,0.1287,,,,,
category,2023Q2,2023-06-30,2023-08,22,2,Surveys,0.0362,,,,,
category,2023Q2,2023-06-30,2023-08,24,2,Trade,0.1201,,,,,
category,2023Q2,2023-06-30,2023-08,37,2,Global,0.0767,,,,,
category,2023Q2,2023-06-30,2023-08,23,2,Misc,0.2276,,,,,
category,2023Q3,2023-09-30,2023-11,57,1,Production,0.0109,,,,,
category,2023Q3,2023-09-30,2023-11,55,1,Turnover,0.3175,,,,,
category,2023Q3,2023-09-30,2023-11,28,1,Orders,0.1465,,,,,
category,2023Q3,2023-09-30,2023-11,49,1,Surveys,0.4352,,,,,
category,2023Q3,2023-09-30,2023-11,52,1,Trade,0.0514,,,,,
category,2023Q3,2023-09-30,2023-11,58,1,Global,0.0135,,,,,
category,2023Q3,2023-09-30,2023-11,47,1,Misc,0.0249,,,,,
category,2023Q3,2023-09-30,2023-11,22,2,Production,0.04,,,,,
category,2023Q3,2023-09-30,2023-11,42,2,Turnover,0.0012,,,,,
category,2023Q3,2023-09-30,2023-11,48,2,Orders,0.1636,,,,,
category,2023Q3,2023-09-30,2023-11,49,2,Surveys,0.0607,,,,,
category,2023Q3,2023-09-30,2023-11,55,2,Trade,0.3564,,,,,
category,2023Q3,2023-09-30,2023-11,22,2,Global,0.3113,,,,,
category,2023Q3,2023-09-30,2023-11,30,2,Misc,0.0667,,,,,
category,2023Q4,2023-12-31,2023-14,21,1,Production,0.0069,,,,,
category,2023Q4,2023-12-31,2023-14,20,1,Turnover,0.4829,,,,,
category,2023Q4,2023-12-31,2023-14,34,1,Orders,0.1598,,,,,
category,2023Q4,2023-12-31,2023-14,26,1,Surveys,0.1846,,,,,
category,2023Q4,2023-12-31,2023-14,43,1,Trade,0.0535,,,,,
category,2023Q4,2023-12-31,2023-14,46,1,Global,0.0228,,,,,
category,2023Q4,2023-12-31,2023-14,29,1,Misc,0.0895,,,,,
category,2023Q4,2023-12-31,2023-14,27,2,Production,0.1099,,,,,
category,2023Q4,2023-12-31,2023-14,58,2,Turnover,0.0039,,,,,
category,2023Q4,2023-12-31,2023-14,33,2,Orders,0.0907,,,,,
category,2023Q4,2023-12-31,2023-14,47,2,Surveys,0.5613,,,,,
category,2023Q4,2023-12-31,2023-14,21,2,Trade,0.0226,,,,,
category,2023Q4,2023-12-31,2023-14,43,2,Global,0.1839,,,,,
category,2023Q4,2023-12-31,2023-14,43,2,Misc,0.0276,,,,,
category,2024Q1,2024-03-31,2024-05,57,1,Production,0.1367,,,,,
category,2024Q1,2024-03-31,2024-05,51,1,Turnover,0.0303,,,,,
category,2024Q1,2024-03-31,2024-05,23,1,Orders,0.3471,,,,,
category,2024Q1,2024-03-31,2024-05,32,1,Surveys,0.1849,,,,,
category,2024Q1,2024-03-31,2024-05,38,1,Trade,0.2319,,,,,
category,2024Q1,2024-03-31,2024-05,40,1,Global,0.0534,,,,,
category,2024Q1,2024-03-31,2024-05,26,1,Misc,0.0158,,,,,
category,2024Q1,2024-03-31,2024-05,38,2,Production,0.0332,,,,,
category,2024Q1,2024-03-31,2024-05,59,2,Turnover,0.0029,,,,,
category,2024Q1,2024-03-31,2024-05,34,2,Orders,0.0523,,,,,
category,2024Q1,2024-03-31,2024-05,35,2,Surveys,0.0041,,,,,
category,2024Q1,2024-03-31,2024-05,22,2,Trade,0.0267,,,,,
category,2024Q1,2024-03-31,2024-05,49,2,Global,0.1848,,,,,
category,2024Q1,2024-03-31,2024-05,28,2,Misc,0.6959,,,,,
category,2024Q2,2024-06-30,2024-08,59,1,Production,0.0126,,,,,
category,2024Q2,2024-06-30,2024-08,47,1,Turnover,0.2174,,,,,
category,2024Q2,2024-06-30,2024-08,43,1,Orders,0.2262,,,,,
category,2024Q2,2024-06-30,2024-08,34,1,Surveys,0.0704,,,,,
category,2024Q2,2024-06-30,2024-08,59,1,Trade,0.0354,,,,,
category,2024Q2,2024-06-30,2024-08,21,1,Global,0.3171,,,,,
category,2024Q2,2024-06-30,2024-08,50,1,Misc,0.1208,,,,,
category,2024Q2,2024-06-30,2024-08,57,2,Production,0.0451,,,,,
category,2024Q2,2024-06-30,2024-08,24,2,Turnover,0.2147,,,,,
category,2024Q2,2024-06-30,2024-08,36,2,Orders,0.3128,,,,,
category,2024Q2,2024-06-30,2024-08,46,2,Surveys,0.2205,,,,,
category,2024Q2,2024-06-30,2024-08,26,2,Trade,0.0141,,,,,
category,2024Q2,2024-06-30,2024-08,23,2,Global,0.0002,,,,,
category,2024Q2,2024-06-30,2024-08,20,2,Misc,0.1926,,,,,
category,2024Q3,2024-09-30,2024-11,31,1,Production,0.0265,,,,,
category,2024Q3,2024-09-30,2024-11,32,1,Turnover,0.1242,,,,,
category,2024Q3,2024-09-30,2024-11,59,1,Orders,0.1987,,,,,
category,2024Q3,2024-09-30,2024-11,28,1,Surveys,0.1015,,,,,
category,2024Q3,2024-09-30,2024-11,54,1,Trade,0.0542,,,,,
category,2024Q3,2024-09-30,2024-11,35,1,Global,0.3481,,,,,
category,2024Q3,2024-09-30,2024-11,45,1,Misc,0.1467,,,,,
category,2024Q3,2024-09-30,2024-11,26,2,Production,0.0332,,,,,
category,2024Q3,2024-09-30,2024-11,55,2,Turnover,0.1685,,,,,
category,2024Q3,2024-09-30,2024-11,25,2,Orders,0.4619,,,,,
category,2024Q3,2024-09-30,2024-11,39,2,Surveys,0.0802,,,,,
category,2024Q3,2024-09-30,2024-11,45,2,Trade,0.1429,,,,,
category,2024Q3,2024-09-30,2024-11,32,2,Global,0.0079,,,,,
category,2024Q3,2024-09-30,2024-11,55,2,Misc,0.1054,,,,,
category,2024Q4,2024-12-31,2024-14,32,1,Production,0.1098,,,,,
category,2024Q4,2024-12-31,2024-14,40,1,Turnover,0.0857,,,,,
category,2024Q4,2024-12-31,2024-14,25,1,Orders,0.0129,,,,,
category,2024Q4,2024-12-31,2024-14,53,1,Surveys,0.1218,,,,,
category,2024Q4,2024-12-31,2024-14,52,1,Trade,0.2209,,,,,
category,2024Q4,2024-12-31,2024-14,38,1,Global,0.1914,,,,,
category,2024Q4,2024-12-31,2024-14,36,1,Misc,0.2574,,,,,
category,2024Q4,2024-12-31,2024-14,52,2,Production,0.0128,,,,,
category,2024Q4,2024-12-31,2024-14,52,2,Turnover,0.3981,,,,,
category,2024Q4,2024-12-31,2024-14,36,2,Orders,0.0843,,,,,
category,2024Q4,2024-12-31,2024-14,30,2,Surveys,0.1398,,,,,
category,2024Q4,2024-12-31,2024-14,48,2,Trade,0.0635,,,,,
category,2024Q4,2024-12-31,2024-14,46,2,Global,0.104,,,,,
category,2024Q4,2024-12-31,2024-14,23,2,Misc,0.1975,,,,,
category,2025Q1,2025-03-31,2025-05,31,1,Production,0.1319,,,,,
category,2025Q1,2025-03-31,2025-05,43,1,Turnover,0.1119,,,,,
category,2025Q1,2025-03-31,2025-05,48,1,Orders,0.0959,,,,,
category,2025Q1,2025-03-31,2025-05,32,1,Surveys,0.1955,,,,,
category,2025Q1,2025-03-31,2025-05,35,1,Trade,0.1376,,,,,
category,2025Q1,2025-03-31,2025-05,23,1,Global,0.1863,,,,,
category,2025Q1,2025-03-31,2025-05,26,1,Misc,0.1409,,,,,
category,2025Q1,2025-03-31,2025-05,24,2,Production,0.3719,,,,,
category,2025Q1,2025-03-31,2025-05,56,2,Turnover,0.0909,,,,,
category,2025Q1,2025-03-31,2025-05,20,2,Orders,0.011,,,,,
category,2025Q1,2025-03-31,2025-05,32,2,Surveys,0.0116,,,,,
category,2025Q1,2025-03-31,2025-05,28,2,Trade,0.3339,,,,,
category,2025Q1,2025-03-31,2025-05,36,2,Global,0.0855,,,,,
category,2025Q1,2025-03-31,2025-05,32,2,Misc,0.0952,,,,,
category,2025Q2,2025-06-30,2025-08,50,1,Production,0.0565,,,,,
category,2025Q2,2025-06-30,2025-08,44,1,Turnover,0.0395,,,,,
category,2025Q2,2025-06-30,2025-08,37,1,Orders,0.1033,,,,,
category,2025Q2,2025-06-30,2025-08,38,1,Surveys,0.4171,,,,,
category,2025Q2,2025-06-30,2025-08,38,1,Trade,0.0684,,,,,
category,2025Q2,2025-06-30,2025-08,32,1,Global,0.1214,,,,,
category,2025Q2,2025-06-30,2025-08,57,1,Misc,0.1938,,,,,
category,2025Q2,2025-06-30,2025-08,20,2,Production,0.1789,,,,,
category,2025Q2,2025-06-30,2025-08,58,2,Turnover,0.0415,,,,,
category,2025Q2,2025-06-30,2025-08,51,2,Orders,0.0934,,,,,
category,2025Q2,2025-06-30,2025-08,43,2,Surveys,0.4101,,,,,
category,2025Q2,2025-06-30,2025-08,26,2,Trade,0.0072,,,,,
category,2025Q2,2025-06-30,2025-08,30,2,Global,0.2561,,,,,
category,2025Q2,2025-06-30,2025-08,46,2,Misc,0.0128,,,,,
category,2025Q3,2025-09-30,2025-11,27,1,Production,0.0792,,,,,
category,2025Q3,2025-09-30,2025-11,32,1,Turnover,0.0623,,,,,
category,2025Q3,2025-09-30,2025-11,21,1,Orders,0.1071,,,,,
category,2025Q3,2025-09-30,2025-11,53,1,Surveys,0.1726,,,,,
category,2025Q3,2025-09-30,2025-11,46,1,Trade,0.4885,,,,,
category,2025Q3,2025-09-30,2025-11,49,1,Global,0.0639,,,,,
category,2025Q3,2025-09-30,2025-11,28,1,Misc,0.0264,,,,,
category,2025Q3,2025-09-30,2025-11,25,2,Production,0.0285,,,,,
category,2025Q3,2025-09-30,2025-11,52,2,Turnover,0.4331,,,,,
category,2025Q3,2025-09-30,2025-11,55,2,Orders,0.229,,,,,
category,2025Q3,2025-09-30,2025-11,27,2,Surveys,0.0231,,,,,
category,2025Q3,2025-09-30,2025-11,25,2,Trade,0.1313,,,,,
category,2025Q3,2025-09-30,2025-11,30,2,Global,0.0851,,,,,
category,2025Q3,2025-09-30,2025-11,56,2,Misc,0.0698,,,,,
category,2025Q4,2025-12-31,2025-14,24,1,Production,0.04,,,,,
category,2025Q4,2025-12-31,2025-14,35,1,Turnover,0.4134,,,,,
category,2025Q4,2025-12-31,2025-14,30,1,Orders,0.0962,,,,,
category,2025Q4,2025-12-31,2025-14,22,1,Surveys,0.0732,,,,,
category,2025Q4,2025-12-31,2025-14,37,1,Trade,0.0171,,,,,
category,2025Q4,2025-12-31,2025-14,51,1,Global,0.0228,,,,,
category,2025Q4,2025-12-31,2025-14,38,1,Misc,0.3373,,,,,
category,2025Q4,2025-12-31,2025-14,56,2,Production,0.2236,,,,,
category,2025Q4,2025-12-31,2025-14,59,2,Turnover,0.0415,,,,,
category,2025Q4,2025-12-31,2025-14,43,2,Orders,0.1247,,,,,
category,2025Q4,2025-12-31,2025-14,53,2,Surveys,0.0234,,,,,
category,2025Q4,2025-12-31,2025-14,27,2,Trade,0.1513,,,,,
category,2025Q4,2025-12-31,2025-14,29,2,Global,0.3286,,,,,
category,2025Q4,2025-12-31,2025-14,20,2,Misc,0.1068,,,,,
