monthly_origin,quarter,month_in_quarter,n_indicators,fit_tag,nowcast,actual,error
2011-03,2011Q1,1,38,ok,1.7073,1.367,0.3403
2011-04,2011Q1,2,28,ok,0.9226,1.367,-0.4444
2011-05,2011Q1,3,35,ok,1.3802,1.367,0.0132
2011-06,2011Q2,1,18,ok,0.3215,0.181,0.1405
2011-07,2011Q2,2,48,ok,0.634,0.181,0.453
2011-08,2011Q2,3,39,ok,-0.0422,0.181,-0.2232
2011-09,2011Q3,1,46,ok,0.9,0.478,0.422
2011-10,2011Q3,2,37,ok,0.179,0.478,-0.299
2011-11,2011Q3,3,34,ok,0.759,0.478,0.281
2011-12,2011Q4,1,31,ok,1.1489,0.733,0.4159
2011-13,2011Q4,2,44,ok,0.7878,0.733,0.0548
2011-14,2011Q4,3,46,ok,0.6499,0.733,-0.0831
2012-03,2012Q1,1,34,ok,0.4204,0.901,-0.4806
2012-04,2012Q1,2,39,ok,0.536,0.901,-0.365
2012-05,2012Q1,3,29,ok,0.5778,0.901,-0.3232
2012-06,2012Q2,1,44,ok,0.406,0.1,0.306
2012-07,2012Q2,2,55,ok,0.0389,0.1,-0.0611
2012-08,2012Q2,3,18,ok,0.2491,0.1,0.1491
2012-09,2012Q3,1,17,ok,0.4027,0.338,0.0647
2012-10,2012Q3,2,43,ok,0.4272,0.338,0.0892
2012-11,2012Q3,3,18,ok,0.7215,0.338,0.3835
2012-12,2012Q4,1,38,ok,0.0302,0.626,-0.5958
2012-13,2012Q4,2,38,ok,0.9539,0.626,0.3279
2012-14,2012Q4,3,17,ok,0.4805,0.626,-0.1455
2013-03,2013Q1,1,23,ok,0.4986,-0.032,0.5306
2013-04,2013Q1,2,59,ok,0.0025,-0.032,0.0345
2013-05,2013Q1,3,56,ok,-0.1693,-0.032,-0.1373
2013-06,2013Q2,1,33,ok,-0.8553,0.134,-0.9893
2013-07,2013Q2,2,50,ok,-0.1792,0.134,-0.3132
2013-08,2013Q2,3,39,ok,0.1237,0.134,-0.0103
2013-09,2013Q3,1,49,ok,-1.416,-0.317,-1.099
2013-10,2013Q3,2,51,ok,-0.2092,-0.317,0.1078
2013-11,2013Q3,3,22,ok,-0.0268,-0.317,0.2902
2013-12,2013Q4,1,27,ok,0.4576,0.585,-0.1274
2013-13,2013Q4,2,38,ok,0.6804,0.585,0.0954
2013-14,2013Q4,3,46,ok,0.4268,0.585,-0.1582
2014-03,2014Q1,1,52,ok,0.4155,0.733,-0.3175
2014-04,2014Q1,2,29,ok,0.0299,0.733,-0.7031
2014-05,2014Q1,3,29,ok,1.1655,0.733,0.4325
2014-06,2014Q2,1,53,ok,0.6107,0.154,0.4567
2014-07,2014Q2,2,56,ok,-0.1191,0.154,-0.2731
2014-08,2014Q2,3,37,ok,-0.1017,0.154,-0.2557
2014-09,2014Q3,1,59,ok,0.8996,0.381,0.5186
2014-10,2014Q3,2,54,ok,0.1771,0.381,-0.2039
2014-11,2014Q3,3,31,ok,0.1366,0.381,-0.2444
2014-12,2014Q4,1,53,ok,0.0174,0.599,-0.5816
2014-13,2014Q4,2,59,ok,0.0167,0.599,-0.5823
2014-14,2014Q4,3,20,ok,0.4365,0.599,-0.1625
2015-03,2015Q1,1,38,ok,-0.9351,0.034,-0.9691
2015-04,2015Q1,2,30,ok,-0.5264,0.034,-0.5604
2015-05,2015Q1,3,51,ok,0.5632,0.034,0.5292
2015-06,2015Q2,1,57,ok,-0.2509,0.151,-0.4019
2015-07,2015Q2,2,41,ok,-0.3265,0.151,-0.4775
2015-08,2015Q2,3,32,ok,0.1673,0.151,0.0163
2015-09,2015Q3,1,37,ok,-0.5075,0.045,-0.5525
2015-10,2015Q3,2,23,ok,0.0538,0.045,0.0088
2015-11,2015Q3,3,54,ok,-0.2385,0.045,-0.2835
2015-12,2015Q4,1,56,ok,1.3985,0.42,0.9785
2015-13,2015Q4,2,20,ok,-0.6935,0.42,-1.1135
2015-14,2015Q4,3,44,ok,0.469,0.42,0.049
2016-03,2016Q1,1,53,ok,1.6806,-0.032,1.7126
2016-04,2016Q1,2,23,ok,-0.6871,-0.032,-0.6551
2016-05,2016Q1,3,22,ok,0.3396,-0.032,0.3716
2016-06,2016Q2,1,25,ok,-0.3513,-0.684,0.3327
2016-07,2016Q2,2,46,ok,-0.6364,-0.684,0.0476
2016-08,2016Q2,3,47,ok,-0.6848,-0.684,-0.0008
2016-09,2016Q3,1,26,ok,0.8397,0.025,0.8147
2016-10,2016Q3,2,15,ok,-0.1065,0.025,-0.1315
2016-11,2016Q3,3,18,ok,-0.027,0.025,-0.052
2016-12,2016Q4,1,20,ok,1.5246,0.593,0.9316
2016-13,2016Q4,2,28,ok,0.5351,0.593,-0.0579
2016-14,2016Q4,3,53,ok,0.3704,0.593,-0.2226
2017-03,2017Q1,1,48,ok,0.3733,-0.07,0.4433
2017-04,2017Q1,2,31,ok,-1.0704,-0.07,-1.0004
2017-05,2017Q1,3,36,ok,-0.3797,-0.07,-0.3097
2017-06,2017Q2,1,23,ok,0.2443,0.767,-0.5227
2017-07,2017Q2,2,37,ok,1.0267,0.767,0.2597
2017-08,2017Q2,3,43,ok,1.0687,0.767,0.3017
2017-09,2017Q3,1,32,ok,-0.7337,0.02,-0.7537
2017-10,2017Q3,2,31,ok,0.3004,0.02,0.2804
2017-11,2017Q3,3,45,ok,0.4232,0.02,0.4032
2017-12,2017Q4,1,25,ok,-1.0064,-0.362,-0.6444
2017-13,2017Q4,2,26,ok,-0.4946,-0.362,-0.1326
2017-14,2017Q4,3,18,ok,-0.262,-0.362,0.1
2018-03,2018Q1,1,26,ok,0.7735,0.016,0.7575
2018-04,2018Q1,2,53,ok,0.5559,0.016,0.5399
2018-05,2018Q1,3,26,ok,-0.3463,0.016,-0.3623
2018-06,2018Q2,1,55,ok,1.015,0.267,0.748
2018-07,2018Q2,2,47,ok,-0.0495,0.267,-0.3165
2018-08,2018Q2,3,23,ok,0.4421,0.267,0.1751
2018-09,2018Q3,1,24,ok,0.8165,0.538,0.2785
2018-10,2018Q3,2,51,ok,1.3934,0.538,0.8554
2018-11,2018Q3,3,33,ok,0.582,0.538,0.044
2018-12,2018Q4,1,30,ok,-0.0069,-0.317,0.3101
2018-13,2018Q4,2,28,ok,-0.1779,-0.317,0.1391
2018-14,2018Q4,3,40,ok,0.099,-0.317,0.416
2019-03,2019Q1,1,52,ok,-0.3319,-0.187,-0.1449
2019-04,2019Q1,2,57,ok,0.0947,-0.187,0.2817
2019-05,2019Q1,3,40,ok,-0.1267,-0.187,0.0603
2019-06,2019Q2,1,38,ok,-0.0681,-0.036,-0.0321
2019-07,2019Q2,2,24,ok,0.5707,-0.036,0.6067
2019-08,2019Q2,3,53,ok,-0.2943,-0.036,-0.2583
2019-09,2019Q3,1,36,ok,-0.1384,0.619,-0.7574
2019-10,2019Q3,2,36,ok,0.0718,0.619,-0.5472
2019-11,2019Q3,3,35,ok,0.5572,0.619,-0.0618
2019-12,2019Q4,1,50,ok,-0.5431,0.196,-0.7391
2019-13,2019Q4,2,55,ok,-0.1337,0.196,-0.3297
2019-14,2019Q4,3,44,ok,0.1274,0.196,-0.0686
2020-03,2020Q1,1,41,ok,-3.2745,-2.0,-1.2745
2020-04,2020Q1,2,50,ok,-1.3146,-2.0,0.6854
2020-05,2020Q1,3,19,ok,-2.1817,-2.0,-0.1817
2020-06,2020Q2,1,25,ok,-8.4287,-9.5,1.0713
2020-07,2020Q2,2,20,ok,-9.117,-9.5,0.383
2020-08,2020Q2,3,21,ok,-9.1774,-9.5,0.3226
2020-09,2020Q3,1,54,ok,8.4633,8.7,-0.2367
2020-10,2020Q3,2,58,ok,7.5248,8.7,-1.1752
2020-11,2020Q3,3,40,ok,8.9205,8.7,0.2205
2020-12,2020Q4,1,47,ok,0.722,0.6,0.122
2020-13,2020Q4,2,58,ok,1.0082,0.6,0.4082
2020-14,2020Q4,3,52,ok,0.8118,0.6,0.2118
2021-03,2021Q1,1,52,ok,1.6184,0.121,1.4974
2021-04,2021Q1,2,57,ok,-0.3557,0.121,-0.4767
2021-05,2021Q1,3,47,ok,0.1269,0.121,0.0059
2021-06,2021Q2,1,34,ok,0.8906,-0.0,0.8906
2021-07,2021Q2,2,19,ok,-0.517,-0.0,-0.517
2021-08,2021Q2,3,36,ok,-0.1665,-0.0,-0.1665
2021-09,2021Q3,1,59,ok,0.0907,1.044,-0.9533
2021-10,2021Q3,2,21,ok,1.7198,1.044,0.6758
2021-11,2021Q3,3,48,ok,0.7045,1.044,-0.3395
2021-12,2021Q4,1,58,ok,-0.7611,0.196,-0.9571
2021-13,2021Q4,2,31,ok,0.6972,0.196,0.5012
2021-14,2021Q4,3,23,ok,-0.122,0.196,-0.318
2022-03,2022Q1,1,16,ok,-1.5824,-0.052,-1.5304
2022-04,2022Q1,2,21,ok,-0.5313,-0.052,-0.4793
2022-05,2022Q1,3,24,ok,-0.2502,-0.052,-0.1982
2022-06,2022Q2,1,17,ok,1.0167,0.937,0.0797
2022-07,2022Q2,2,54,ok,1.1066,0.937,0.1696
2022-08,2022Q2,3,32,ok,0.859,0.937,-0.078
2022-09,2022Q3,1,28,ok,1.3118,-0.225,1.5368
2022-10,2022Q3,2,26,ok,-0.8592,-0.225,-0.6342
2022-11,2022Q3,3,31,ok,-0.2815,-0.225,-0.0565
2022-12,2022Q4,1,20,ok,0.1767,-0.041,0.2177
2022-13,2022Q4,2,40,ok,-0.11,-0.041,-0.069
2022-14,2022Q4,3,46,ok,0.0829,-0.041,0.1239
2023-03,2023Q1,1,49,ok,0.6361,-0.243,0.8791
2023-04,2023Q1,2,15,ok,-0.2077,-0.243,0.0353
2023-05,2023Q1,3,26,ok,-0.6907,-0.243,-0.4477
2023-06,2023Q2,1,19,ok,0.3443,0.276,0.0683
2023-07,2023Q2,2,37,ok,0.2767,0.276,0.0007
2023-08,2023Q2,3,33,ok,0.0778,0.276,-0.1982
2023-09,2023Q3,1,17,ok,-0.21,0.25,-0.46
2023-10,2023Q3,2,46,ok,-1.1181,0.25,-1.3681
2023-11,2023Q3,3,20,ok,-0.0443,0.25,-0.2943
2023-12,2023Q4,1,18,ok,-0.0597,0.655,-0.7147
2023-13,2023Q4,2,59,ok,0.8261,0.655,0.1711
2023-14,2023Q4,3,42,ok,0.6928,0.655,0.0378
2024-03,2024Q1,1,22,ok,1.4124,0.921,0.4914
2024-04,2024Q1,2,46,ok,0.2393,0.921,-0.6817
2024-05,2024Q1,3,46,ok,1.0834,0.921,0.1624
2024-06,2024Q2,1,30,ok,-0.4475,-0.215,-0.2325
2024-07,2024Q2,2,44,ok,-0.2123,-0.215,0.0027
2024-08,2024Q2,3,36,ok,0.0163,-0.215,0.2313
2024-09,2024Q3,1,15,ok,-0.6545,0.324,-0.9785
2024-10,2024Q3,2,31,ok,-0.1352,0.324,-0.4592
2024-11,2024Q3,3,39,ok,0.7494,0.324,0.4254
2024-12,2024Q4,1,56,ok,1.7696,0.469,1.3006
2024-13,2024Q4,2,39,ok,0.3486,0.469,-0.1204
2024-14,2024Q4,3,56,ok,0.4125,0.469,-0.0565
2025-03,2025Q1,1,39,ok,-0.9872,0.229,-1.2162
2025-04,2025Q1,2,21,ok,-0.006,0.229,-0.235
2025-05,2025Q1,3,58,ok,0.0042,0.229,-0.2248
2025-06,2025Q2,1,47,ok,1.11,0.084,1.026
2025-07,2025Q2,2,47,ok,0.0651,0.084,-0.0189
2025-08,2025Q2,3,40,ok,-0.003,0.084,-0.087
2025-09,2025Q3,1,31,ok,-0.398,-0.305,-0.093
2025-10,2025Q3,2,52,ok,0.271,-0.305,0.576
2025-11,2025Q3,3,25,ok,-0.2345,-0.305,0.0705
2025-12,2025Q4,1,49,ok,-0.1725,0.123,-0.2955
2025-13,2025Q4,2,29,ok,0.0971,0.123,-0.0259
2025-14,2025Q4,3,32,ok,0.5487,0.123,0.4257
