quarter,feature,mean_abs_shap
2011Q1,prd0413__L1,0.22857
2011Q1,cmd0522__L1,0.57079
2011Q1,srv0038__L0,0.60717
2011Q1,srv0143__L0,0.10021
2011Q1,srv0074__L2,0.52887
2011Q1,trd0472__L2,0.40792
2011Q1,srv0128__L0,0.94751
2011Q1,trd0483__L2,0.21077
2011Q1,srv0236__L0,0.23078
2011Q1,srv0158__L2,0.13104
2011Q1,glb0557__L1,1.15885
2011Q1,srv0029__L2,0.79624
2011Q1,trd0479__L2,0.54113
2011Q1,srv0212__L2,0.51847
2011Q1,srv0046__L0,0.38299
2011Q1,prd0408__L0,0.12545
2011Q1,srv0198__L2,0.52635
2011Q1,srv0332__L1,0.5959
2011Q1,ord0366__L1,0.03518
2011Q1,srv0049__L0,0.54756
2011Q1,srv0295__L1,0.34444
2011Q1,msc0568__L0,0.39059
2011Q1,srv0156__L1,0.16007
2011Q1,prd0443__L0,0.9298
2011Q1,srv0132__L1,2.0023
2011Q1,trd0471__L1,1.0413
2011Q1,ord0340__L2,0.18921
2011Q1,prc0511__L1,0.25701
2011Q1,ord0362__L1,0.16928
2011Q1,srv0062__L2,1.87222
2011Q1,trd0467__L0,0.2772
2011Q1,srv0176__L0,0.12259
2011Q1,trd0464__L1,0.22314
2011Q1,srv0204__L1,1.01531
2011Q1,srv0017__L2,0.51958
2011Q1,msc0574__L0,0.48469
2011Q1,trn0379__L1,0.66253
2011Q1,cmd0515__L0,0.68682
2011Q1,srv0054__L0,1.16617
2011Q1,msc0583__L1,0.32588
2011Q1,srv0092__L0,0.87175
2011Q1,srv0113__L2,0.10503
2011Q1,prd0419__L2,1.77566
2011Q1,cmd0521__L2,0.19085
2011Q1,ord0355__L1,0.64011
2011Q1,msc0579__L2,0.99114
2011Q1,srv0122__L2,0.10527
2011Q1,trd0490__L2,0.08752
2011Q1,srv0058__L1,0.45896
2011Q1,srv0133__L0,0.13194
2011Q1,srv0154__L1,0.1314
2011Q1,srv0337__L0,0.50766
2011Q1,prd0431__L0,0.50274
2011Q1,glb0560__L1,0.66421
2011Q1,srv0304__L1,0.80074
2011Q1,srv0108__L1,0.22122
2011Q1,ord0347__L0,0.51848
2011Q1,trd0489__L1,0.02751
2011Q1,srv0171__L0,0.35085
2011Q1,srv0322__L2,0.4814
2011Q2,trn0393__L1,0.51645
2011Q2,ord0358__L1,0.51259
2011Q2,ord0356__L0,0.05881
2011Q2,srv0335__L1,0.48167
2011Q2,srv0171__L0,0.2774
2011Q2,srv0316__L0,0.14886
2011Q2,ord0347__L2,0.39394
2011Q2,srv0049__L0,0.72605
2011Q2,srv0059__L1,0.02735
2011Q2,prd0443__L2,0.6488
2011Q2,srv0092__L2,1.00358
2011Q2,msc0582__L0,0.12037
2011Q2,msc0574__L1,0.3209
2011Q2,srv0104__L2,0.23828
2011Q2,trd0467__L1,0.70237
2011Q2,srv0017__L2,0.80353
2011Q2,prd0431__L1,0.05352
2011Q2,srv0198__L2,0.56132
2011Q2,srv0305__L0,0.37473
2011Q2,srv0324__L2,0.48356
2011Q2,cmd0521__L2,0.04718
2011Q2,srv0117__L2,0.15421
2011Q2,srv0337__L2,0.08894
2011Q2,glb0560__L0,1.36874
2011Q2,prd0438__L0,0.13512
2011Q2,ord0353__L2,0.0646
2011Q2,srv0015__L1,1.99851
2011Q2,con0446__L1,0.21487
2011Q2,srv0108__L1,0.03645
2011Q2,prd0419__L0,0.38406
2011Q2,srv0132__L1,0.67375
2011Q2,ord0340__L2,0.53852
2011Q2,cmd0517__L2,1.65494
2011Q2,msc0585__L0,0.18451
2011Q2,srv0128__L2,0.49919
2011Q2,srv0236__L1,0.95114
2011Q2,srv0158__L2,0.70879
2011Q2,srv0113__L2,0.26508
2011Q2,srv0210__L2,1.1634
2011Q2,srv0252__L0,0.13566
2011Q2,srv0054__L2,0.14579
2011Q2,srv0135__L1,0.27778
2011Q2,srv0011__L2,0.59173
2011Q2,srv0046__L1,0.14492
2011Q2,srv0156__L0,1.33505
2011Q2,srv0082__L2,0.21155
2011Q2,srv0133__L0,0.09409
2011Q2,trd0472__L1,1.5499
2011Q2,prc0511__L0,0.59097
2011Q2,srv0081__L1,0.72107
2011Q2,prd0413__L2,0.05336
2011Q2,srv0319__L2,0.69754
2011Q2,trd0489__L2,0.08043
2011Q2,srv0292__L2,0.23347
2011Q2,srv0058__L1,0.37213
2011Q2,srv0074__L1,0.01955
2011Q2,glb0557__L0,0.71067
2011Q2,srv0212__L0,0.0375
2011Q2,srv0130__L1,0.07637
2011Q2,cmd0522__L1,0.83594
2011Q3,msc0568__L2,0.02024
2011Q3,srv0195__L0,0.72773
2011Q3,srv0046__L0,0.32346
2011Q3,srv0127__L1,1.05985
2011Q3,srv0029__L0,0.5602
2011Q3,cmd0528__L1,0.72029
2011Q3,srv0092__L1,0.05507
2011Q3,srv0252__L0,0.13215
2011Q3,srv0154__L2,0.44813
2011Q3,srv0162__L1,0.47441
2011Q3,srv0054__L0,0.47038
2011Q3,glb0560__L1,0.20776
2011Q3,srv0189__L1,1.15284
2011Q3,cmd0522__L0,1.23816
2011Q3,srv0015__L2,0.34715
2011Q3,srv0295__L2,0.54797
2011Q3,srv0198__L2,0.02634
2011Q3,srv0281__L1,0.318
2011Q3,srv0112__L0,0.57215
2011Q3,srv0130__L0,0.63139
2011Q3,srv0041__L2,0.26361
2011Q3,trd0479__L2,0.1249
2011Q3,prd0435__L0,0.09595
2011Q3,prd0438__L1,0.18358
2011Q3,srv0122__L2,0.11435
2011Q3,srv0135__L0,0.21618
2011Q3,srv0074__L0,0.35115
2011Q3,glb0557__L1,0.54006
2011Q3,srv0262__L1,0.62435
2011Q3,prd0443__L2,1.02224
2011Q3,srv0138__L0,1.80374
2011Q3,srv0080__L1,0.20051
2011Q3,srv0125__L0,0.34411
2011Q3,prd0419__L0,0.63534
2011Q3,ord0355__L2,0.27088
2011Q3,srv0319__L2,2.6253
2011Q3,srv0187__L0,0.98126
2011Q3,trn0376__L1,0.79451
2011Q3,trn0379__L2,0.08694
2011Q3,trn0385__L1,0.00366
2011Q3,msc0582__L1,0.2278
2011Q3,srv0176__L0,0.24468
2011Q3,prd0413__L2,0.05422
2011Q3,srv0104__L2,0.07088
2011Q3,con0446__L0,0.50042
2011Q3,srv0248__L2,0.67128
2011Q3,msc0585__L2,1.82037
2011Q3,trd0478__L2,2.49928
2011Q3,srv0082__L1,1.1981
2011Q3,srv0102__L1,0.02953
2011Q3,srv0117__L1,0.76579
2011Q3,trd0471__L2,0.72256
2011Q3,srv0068__L2,1.94776
2011Q3,srv0081__L0,0.32069
2011Q3,srv0058__L0,0.54365
2011Q3,srv0322__L0,0.09804
2011Q3,cmd0521__L2,1.20369
2011Q3,prd0431__L0,0.72966
2011Q3,trd0490__L0,0.12443
2011Q3,srv0158__L0,1.42063
2011Q4,srv0102__L1,0.13169
2011Q4,srv0108__L2,0.40297
2011Q4,srv0158__L2,1.88261
2011Q4,trd0472__L1,0.09963
2011Q4,srv0304__L2,0.04019
2011Q4,trd0467__L1,0.08395
2011Q4,srv0131__L2,0.11518
2011Q4,srv0081__L0,1.56259
2011Q4,msc0585__L0,0.11218
2011Q4,srv0248__L2,0.44481
2011Q4,srv0281__L1,0.31631
2011Q4,srv0324__L2,0.92398
2011Q4,srv0125__L0,0.56257
2011Q4,prd0438__L1,0.12921
2011Q4,prd0413__L2,0.91963
2011Q4,trd0479__L2,2.17998
2011Q4,srv0204__L0,0.04107
2011Q4,srv0041__L0,0.1196
2011Q4,srv0104__L2,2.2995
2011Q4,prd0419__L2,0.33845
2011Q4,srv0113__L2,0.48168
2011Q4,srv0236__L2,1.73689
2011Q4,srv0044__L0,0.17134
2011Q4,msc0583__L2,0.70773
2011Q4,trd0489__L1,0.52542
2011Q4,trd0490__L0,0.64982
2011Q4,trn0376__L0,0.59148
2011Q4,srv0162__L1,0.00794
2011Q4,srv0210__L1,0.71165
2011Q4,trd0471__L0,0.15919
2011Q4,srv0154__L0,0.09067
2011Q4,srv0130__L2,1.05111
2011Q4,fin0534__L2,0.08774
2011Q4,srv0015__L0,1.94598
2011Q4,srv0320__L2,0.7676
2011Q4,cmd0522__L0,0.05342
2011Q4,ord0353__L0,0.14008
2011Q4,srv0187__L1,0.07751
2011Q4,srv0092__L0,0.62511
2011Q4,srv0198__L0,0.09456
2011Q4,srv0074__L0,0.45036
2011Q4,srv0133__L2,0.44864
2011Q4,ord0366__L0,0.97363
2011Q4,ord0362__L0,0.40639
2011Q4,trd0476__L0,0.14082
2011Q4,msc0568__L0,0.44986
2011Q4,srv0112__L2,0.6202
2011Q4,srv0017__L0,1.1256
2011Q4,srv0171__L2,1.82623
2011Q4,srv0080__L1,0.01081
2011Q4,srv0322__L0,0.39234
2011Q4,cmd0521__L2,0.01993
2011Q4,srv0319__L2,0.87436
2011Q4,ord0356__L0,0.75603
2011Q4,trd0483__L1,0.7803
2011Q4,prc0511__L2,0.5396
2011Q4,prd0433__L2,0.04934
2011Q4,ord0355__L0,0.55126
2011Q4,srv0135__L2,1.56424
2011Q4,srv0068__L1,0.23557
2012Q1,msc0585__L1,0.21983
2012Q1,cmd0515__L0,0.50983
2012Q1,ord0366__L1,0.66301
2012Q1,srv0102__L2,0.7975
2012Q1,srv0028__L2,0.93383
2012Q1,prc0511__L0,0.55414
2012Q1,srv0113__L0,0.43589
2012Q1,srv0135__L2,0.04876
2012Q1,srv0316__L2,0.35507
2012Q1,prd0413__L0,0.06638
2012Q1,srv0322__L2,0.33983
2012Q1,srv0112__L1,0.62361
2012Q1,msc0579__L1,0.1083
2012Q1,prd0431__L2,0.492
2012Q1,prd0426__L2,0.13661
2012Q1,srv0187__L2,0.39335
2012Q1,srv0122__L0,0.59651
2012Q1,srv0128__L2,0.75393
2012Q1,trd0471__L0,0.25055
2012Q1,srv0029__L2,1.07329
2012Q1,srv0130__L0,0.78805
2012Q1,srv0262__L0,0.16808
2012Q1,srv0248__L2,1.16587
2012Q1,srv0074__L0,0.01858
2012Q1,fin0534__L2,0.42026
2012Q1,trd0479__L1,0.23506
2012Q1,trd0478__L2,0.16742
2012Q1,srv0210__L0,0.23456
2012Q1,glb0560__L0,0.73095
2012Q1,trn0385__L1,0.05813
2012Q1,srv0236__L2,0.39983
2012Q1,srv0319__L2,2.42802
2012Q1,srv0156__L1,0.05498
2012Q1,srv0158__L0,2.27381
2012Q1,srv0154__L2,0.5183
2012Q1,srv0082__L0,0.41424
2012Q1,ord0353__L0,0.63881
2012Q1,srv0041__L2,1.32044
2012Q1,srv0281__L0,0.86646
2012Q1,srv0104__L0,0.24769
2012Q1,srv0058__L0,0.22406
2012Q1,srv0081__L2,0.06885
2012Q1,trd0489__L2,0.18055
2012Q1,srv0189__L2,0.49331
2012Q1,srv0046__L2,0.26431
2012Q1,srv0080__L0,0.67562
2012Q1,ord0355__L2,0.28169
2012Q1,srv0304__L1,0.09368
2012Q1,srv0138__L0,0.24298
2012Q1,srv0195__L2,0.04046
2012Q1,srv0324__L2,1.06818
2012Q1,srv0212__L1,0.82239
2012Q1,srv0132__L2,0.04986
2012Q1,msc0583__L1,0.05718
2012Q1,msc0582__L0,0.85119
2012Q1,srv0017__L2,0.66916
2012Q1,srv0117__L0,0.78525
2012Q1,prd0443__L0,0.60852
2012Q1,srv0320__L1,0.06413
2012Q1,trn0379__L1,0.17212
2012Q2,srv0210__L0,0.50539
2012Q2,trd0467__L0,0.27715
2012Q2,prd0431__L2,0.8855
2012Q2,srv0248__L0,0.06523
2012Q2,prd0408__L0,0.24135
2012Q2,srv0186__L2,2.70699
2012Q2,srv0337__L2,1.68258
2012Q2,srv0125__L2,0.27543
2012Q2,srv0202__L0,0.62772
2012Q2,srv0320__L1,1.04239
2012Q2,srv0135__L1,0.71224
2012Q2,srv0304__L1,1.01024
2012Q2,ord0362__L1,0.15492
2012Q2,srv0062__L1,0.547
2012Q2,srv0295__L1,0.3499
2012Q2,srv0102__L1,1.4454
2012Q2,srv0160__L2,0.0095
2012Q2,srv0195__L0,1.55216
2012Q2,trn0376__L0,0.20761
2012Q2,srv0038__L0,0.01627
2012Q2,srv0138__L1,0.05293
2012Q2,cmd0517__L0,0.4902
2012Q2,trd0478__L0,0.1278
2012Q2,prd0438__L2,0.47859
2012Q2,srv0081__L0,0.71914
2012Q2,ord0353__L2,0.23034
2012Q2,srv0187__L1,1.00739
2012Q2,msc0579__L1,0.96044
2012Q2,con0446__L0,0.28022
2012Q2,ord0347__L2,0.88081
2012Q2,srv0131__L1,0.76444
2012Q2,srv0292__L0,0.02984
2012Q2,cmd0522__L2,0.27647
2012Q2,srv0104__L2,0.19277
2012Q2,cmd0515__L2,0.36899
2012Q2,prd0435__L2,1.18188
2012Q2,srv0074__L2,0.2483
2012Q2,fin0534__L1,0.3061
2012Q2,con0453__L2,0.36972
2012Q2,trd0483__L2,0.07059
2012Q2,ord0340__L1,0.2157
2012Q2,srv0103__L1,0.0272
2012Q2,srv0128__L2,0.01764
2012Q2,trd0476__L1,0.51992
2012Q2,srv0176__L1,0.04013
2012Q2,ord0358__L1,0.58132
2012Q2,srv0029__L1,0.27133
2012Q2,srv0127__L0,0.4403
2012Q2,srv0171__L1,0.44524
2012Q2,trn0379__L1,0.38061
2012Q2,prd0443__L1,0.25656
2012Q2,srv0017__L1,0.18772
2012Q2,srv0204__L1,0.07614
2012Q2,srv0028__L0,0.35713
2012Q2,prd0413__L2,0.96455
2012Q2,trn0385__L0,0.03792
2012Q2,trd0490__L2,0.26767
2012Q2,srv0143__L2,0.02236
2012Q2,prc0511__L1,0.0712
2012Q2,msc0585__L2,0.39338
2012Q3,srv0316__L0,0.0715
2012Q3,msc0579__L1,0.27447
2012Q3,trd0464__L0,0.10752
2012Q3,srv0127__L1,0.08429
2012Q3,srv0132__L2,0.02088
2012Q3,srv0202__L2,1.30592
2012Q3,srv0081__L2,0.2657
2012Q3,cmd0521__L2,2.9395
2012Q3,srv0171__L0,1.38621
2012Q3,trd0489__L0,0.02526
2012Q3,srv0125__L2,0.1912
2012Q3,srv0113__L2,0.52066
2012Q3,srv0054__L0,1.26327
2012Q3,prd0433__L2,0.76153
2012Q3,srv0320__L0,1.01823
2012Q3,srv0130__L2,0.09004
2012Q3,srv0138__L2,0.24373
2012Q3,cmd0515__L1,0.16642
2012Q3,srv0236__L2,0.122
2012Q3,ord0366__L1,1.30861
2012Q3,srv0062__L1,1.03657
2012Q3,msc0568__L1,1.1569
2012Q3,ord0355__L1,0.31056
2012Q3,ord0347__L0,1.04137
2012Q3,trd0483__L0,0.45459
2012Q3,prd0443__L2,1.42667
2012Q3,srv0322__L1,0.11967
2012Q3,srv0158__L2,0.3478
2012Q3,srv0248__L1,0.28742
2012Q3,srv0135__L1,0.24298
2012Q3,srv0143__L0,1.31805
2012Q3,srv0092__L0,0.30231
2012Q3,srv0195__L1,0.54957
2012Q3,srv0252__L1,0.17094
2012Q3,srv0058__L2,0.02092
2012Q3,srv0046__L0,0.45545
2012Q3,srv0038__L1,0.82224
2012Q3,trn0379__L2,0.10147
2012Q3,srv0292__L0,0.52214
2012Q3,srv0028__L0,0.22132
2012Q3,msc0585__L1,0.44566
2012Q3,srv0335__L2,0.23197
2012Q3,srv0281__L0,0.27252
2012Q3,srv0186__L0,0.17127
2012Q3,srv0162__L1,0.03697
2012Q3,fin0534__L2,0.70925
2012Q3,srv0128__L0,0.00576
2012Q3,srv0041__L1,0.08806
2012Q3,prd0438__L2,0.15984
2012Q3,srv0102__L0,0.32433
2012Q3,glb0560__L1,0.84863
2012Q3,srv0015__L0,1.18202
2012Q3,srv0068__L0,0.58627
2012Q3,srv0133__L2,0.8078
2012Q3,srv0212__L2,0.34929
2012Q3,srv0295__L2,0.21105
2012Q3,prd0431__L1,0.54243
2012Q3,prd0426__L0,0.42075
2012Q3,trd0478__L0,0.65217
2012Q3,srv0305__L1,0.60574
2012Q4,trd0464__L1,0.33708
2012Q4,srv0062__L2,0.82437
2012Q4,srv0092__L0,1.39792
2012Q4,ord0355__L1,0.2421
2012Q4,srv0319__L0,0.3928
2012Q4,srv0117__L1,0.5937
2012Q4,prd0443__L2,0.56826
2012Q4,ord0366__L1,0.03022
2012Q4,srv0054__L0,0.08183
2012Q4,srv0156__L0,0.43808
2012Q4,srv0125__L2,0.52238
2012Q4,con0453__L1,0.05007
2012Q4,srv0102__L0,0.18172
2012Q4,trn0385__L2,0.13807
2012Q4,trd0479__L0,0.97386
2012Q4,srv0017__L0,0.00399
2012Q4,srv0138__L0,0.63984
2012Q4,fin0534__L2,0.11023
2012Q4,srv0210__L1,2.50659
2012Q4,srv0236__L2,0.14761
2012Q4,srv0080__L1,0.02626
2012Q4,trd0467__L1,0.29843
2012Q4,trn0393__L2,0.09692
2012Q4,srv0160__L2,0.11343
2012Q4,cmd0521__L0,0.3785
2012Q4,ord0353__L2,1.15787
2012Q4,srv0122__L1,1.43195
2012Q4,srv0187__L2,0.1772
2012Q4,srv0320__L1,1.28611
2012Q4,cmd0528__L1,0.518
2012Q4,ord0340__L1,0.26263
2012Q4,ord0356__L0,0.7795
2012Q4,srv0038__L2,0.02143
2012Q4,ord0362__L1,0.64389
2012Q4,cmd0522__L0,0.78306
2012Q4,msc0568__L2,1.07837
2012Q4,srv0049__L2,1.52499
2012Q4,srv0304__L0,0.0556
2012Q4,trn0379__L0,0.09075
2012Q4,srv0108__L1,0.08803
2012Q4,srv0059__L0,0.28408
2012Q4,srv0189__L0,0.60936
2012Q4,srv0154__L0,0.25967
2012Q4,ord0347__L2,1.19293
2012Q4,prd0413__L2,0.34958
2012Q4,srv0316__L1,0.09674
2012Q4,srv0046__L0,0.1597
2012Q4,prc0511__L1,1.73655
2012Q4,srv0113__L1,0.02223
2012Q4,srv0262__L2,0.97223
2012Q4,srv0202__L1,0.22095
2012Q4,srv0068__L0,0.06225
2012Q4,msc0583__L1,0.04972
2012Q4,srv0305__L1,1.00261
2012Q4,srv0103__L2,0.20614
2012Q4,ord0358__L2,0.03599
2012Q4,prd0435__L2,0.83546
2012Q4,srv0112__L0,0.22962
2012Q4,srv0011__L2,1.41265
2012Q4,prd0433__L0,0.21825
2013Q1,srv0104__L2,0.19964
2013Q1,srv0195__L1,0.59187
2013Q1,srv0127__L0,0.18405
2013Q1,srv0044__L2,0.43753
2013Q1,srv0046__L1,0.61418
2013Q1,srv0130__L1,0.77284
2013Q1,srv0112__L0,0.9042
2013Q1,ord0362__L2,0.03177
2013Q1,srv0189__L0,0.10123
2013Q1,srv0049__L0,1.45721
2013Q1,ord0355__L0,1.24167
2013Q1,srv0062__L2,0.00325
2013Q1,glb0560__L0,0.01878
2013Q1,msc0574__L0,0.11553
2013Q1,srv0305__L0,0.54061
2013Q1,srv0158__L0,0.42119
2013Q1,cmd0528__L2,3.12914
2013Q1,cmd0521__L0,0.31003
2013Q1,prd0413__L1,0.32954
2013Q1,srv0319__L0,0.44134
2013Q1,srv0092__L2,1.42292
2013Q1,srv0171__L2,0.73271
2013Q1,msc0579__L0,0.07573
2013Q1,srv0011__L0,0.87632
2013Q1,srv0143__L2,0.46987
2013Q1,srv0304__L2,0.44004
2013Q1,msc0585__L1,0.24256
2013Q1,prd0443__L2,0.48627
2013Q1,srv0212__L2,0.65908
2013Q1,srv0082__L0,0.53005
2013Q1,srv0187__L0,1.8571
2013Q1,srv0262__L0,0.27535
2013Q1,ord0366__L1,0.10798
2013Q1,con0453__L1,0.34001
2013Q1,msc0583__L2,0.15028
2013Q1,cmd0522__L2,1.00301
2013Q1,srv0320__L1,0.03037
2013Q1,srv0059__L0,0.46425
2013Q1,ord0353__L0,0.07922
2013Q1,srv0122__L1,0.54088
2013Q1,trd0467__L0,0.30112
2013Q1,srv0131__L2,0.17523
2013Q1,srv0332__L1,0.35692
2013Q1,srv0236__L1,0.81662
2013Q1,srv0198__L2,0.01477
2013Q1,srv0015__L1,0.46053
2013Q1,trn0379__L0,0.23586
2013Q1,srv0322__L0,0.13169
2013Q1,trd0472__L1,0.72168
2013Q1,prd0433__L0,1.23373
2013Q1,srv0162__L0,0.39008
2013Q1,srv0132__L0,0.68511
2013Q1,srv0295__L0,1.51059
2013Q1,srv0125__L2,0.05913
2013Q1,srv0337__L1,0.00235
2013Q1,prd0408__L0,0.57345
2013Q1,srv0252__L0,0.09148
2013Q1,fin0534__L1,0.10035
2013Q1,srv0281__L0,0.09364
2013Q1,srv0108__L0,0.09981
2013Q2,msc0579__L2,0.36036
2013Q2,srv0049__L1,1.34352
2013Q2,srv0292__L2,0.45389
2013Q2,srv0130__L0,0.07632
2013Q2,srv0135__L0,0.18003
2013Q2,srv0176__L0,0.20811
2013Q2,ord0353__L2,0.15447
2013Q2,srv0320__L1,1.21726
2013Q2,srv0054__L2,0.64151
2013Q2,srv0322__L0,0.1826
2013Q2,cmd0528__L2,0.00071
2013Q2,srv0187__L1,0.36472
2013Q2,srv0337__L1,0.10937
2013Q2,srv0324__L2,1.45329
2013Q2,srv0108__L2,0.04146
2013Q2,prd0435__L2,0.85978
2013Q2,srv0044__L2,0.09552
2013Q2,srv0058__L1,0.35135
2013Q2,srv0059__L1,1.26241
2013Q2,prd0443__L2,0.39699
2013Q2,srv0113__L1,0.05347
2013Q2,trd0467__L2,0.53235
2013Q2,srv0143__L0,0.34216
2013Q2,msc0568__L2,0.28258
2013Q2,con0453__L0,1.00161
2013Q2,srv0133__L2,0.08223
2013Q2,srv0104__L0,0.39781
2013Q2,srv0252__L0,0.04563
2013Q2,ord0366__L0,0.4378
2013Q2,srv0125__L1,0.27781
2013Q2,srv0117__L1,0.52122
2013Q2,trd0471__L0,0.93132
2013Q2,msc0574__L1,1.25833
2013Q2,srv0081__L2,0.2388
2013Q2,ord0347__L1,2.85007
2013Q2,srv0128__L2,0.46392
2013Q2,srv0319__L2,0.27561
2013Q2,srv0046__L2,0.63535
2013Q2,srv0204__L1,0.34096
2013Q2,prd0419__L0,0.00318
2013Q2,srv0158__L0,0.18937
2013Q2,trn0379__L2,0.18363
2013Q2,srv0156__L1,0.12381
2013Q2,trd0483__L1,0.09086
2013Q2,srv0068__L0,0.27151
2013Q2,srv0112__L1,0.10113
2013Q2,srv0029__L0,0.80498
2013Q2,glb0557__L0,0.46554
2013Q2,ord0358__L0,0.29571
2013Q2,con0446__L1,1.17592
2013Q2,glb0560__L2,0.37228
2013Q2,srv0092__L0,0.25187
2013Q2,srv0262__L1,0.08507
2013Q2,srv0017__L2,0.57618
2013Q2,msc0582__L0,1.32348
2013Q2,srv0132__L1,0.02317
2013Q2,srv0210__L2,0.1137
2013Q2,srv0102__L1,0.47406
2013Q2,srv0186__L0,0.28954
2013Q2,srv0295__L2,0.18255
2013Q3,srv0171__L2,0.2897
2013Q3,cmd0522__L0,0.2853
2013Q3,srv0108__L0,0.10265
2013Q3,ord0358__L2,0.96154
2013Q3,srv0187__L0,0.31631
2013Q3,prd0419__L0,0.34053
2013Q3,srv0195__L2,0.66735
2013Q3,prd0435__L2,0.02384
2013Q3,srv0029__L0,0.69936
2013Q3,srv0131__L1,0.57641
2013Q3,cmd0515__L1,1.25197
2013Q3,srv0252__L0,0.32949
2013Q3,srv0210__L1,0.037
2013Q3,srv0058__L2,0.52204
2013Q3,fin0534__L0,0.89143
2013Q3,srv0046__L0,1.08045
2013Q3,srv0103__L2,0.46513
2013Q3,srv0337__L2,1.77892
2013Q3,srv0068__L0,0.27969
2013Q3,con0446__L2,0.75399
2013Q3,srv0130__L0,1.4291
2013Q3,prd0431__L1,0.60212
2013Q3,srv0189__L0,0.18605
2013Q3,trn0379__L1,0.65865
2013Q3,prc0511__L0,0.63291
2013Q3,srv0162__L2,0.2188
2013Q3,trn0385__L1,0.9853
2013Q3,srv0104__L0,0.62305
2013Q3,srv0158__L0,0.10133
2013Q3,srv0062__L1,0.21183
2013Q3,msc0574__L0,0.38645
2013Q3,prd0438__L2,0.62184
2013Q3,srv0186__L2,0.49417
2013Q3,srv0143__L0,1.66343
2013Q3,cmd0517__L0,1.82427
2013Q3,srv0332__L1,1.4188
2013Q3,srv0049__L1,0.35238
2013Q3,srv0127__L2,1.06434
2013Q3,prd0443__L1,0.36072
2013Q3,srv0176__L0,0.18308
2013Q3,trn0393__L2,0.57114
2013Q3,msc0585__L0,0.25306
2013Q3,ord0355__L1,0.38471
2013Q3,srv0138__L0,0.08024
2013Q3,srv0011__L1,1.66102
2013Q3,msc0582__L2,0.06592
2013Q3,trd0467__L1,0.93166
2013Q3,srv0248__L1,0.00789
2013Q3,trd0464__L2,0.29791
2013Q3,srv0160__L0,0.90685
2013Q3,msc0579__L2,0.49954
2013Q3,con0453__L2,0.55878
2013Q3,srv0044__L1,0.10335
2013Q3,srv0204__L1,0.31898
2013Q3,srv0017__L2,0.21032
2013Q3,srv0207__L2,0.82834
2013Q3,prd0433__L2,0.96484
2013Q3,srv0117__L2,0.69009
2013Q3,srv0028__L1,0.03696
2013Q3,srv0324__L1,0.32571
2013Q4,srv0248__L1,0.33638
2013Q4,prd0433__L0,0.01638
2013Q4,srv0128__L2,0.00746
2013Q4,srv0015__L2,0.90177
2013Q4,srv0117__L2,0.186
2013Q4,con0446__L0,0.41968
2013Q4,glb0560__L0,0.25498
2013Q4,trn0379__L0,0.11219
2013Q4,srv0210__L2,0.42403
2013Q4,srv0103__L1,0.17537
2013Q4,srv0080__L2,1.87103
2013Q4,srv0046__L2,0.76208
2013Q4,prd0413__L1,0.1699
2013Q4,srv0068__L2,0.05563
2013Q4,ord0353__L1,0.11019
2013Q4,srv0081__L0,0.24952
2013Q4,srv0017__L0,0.41703
2013Q4,trd0476__L2,0.16177
2013Q4,srv0204__L1,0.29073
2013Q4,srv0252__L1,0.41821
2013Q4,trd0471__L1,1.41956
2013Q4,srv0104__L0,1.8519
2013Q4,trd0490__L2,0.05919
2013Q4,prd0408__L2,1.68931
2013Q4,srv0262__L1,0.3083
2013Q4,srv0160__L2,3.8183
2013Q4,srv0154__L2,0.03579
2013Q4,srv0138__L1,0.07495
2013Q4,srv0044__L0,0.32416
2013Q4,trn0385__L2,0.45227
2013Q4,trn0376__L2,0.17604
2013Q4,prc0511__L2,0.71944
2013Q4,srv0038__L1,0.11814
2013Q4,msc0582__L0,0.00243
2013Q4,srv0316__L2,0.28189
2013Q4,srv0092__L0,0.78668
2013Q4,ord0340__L2,0.93964
2013Q4,srv0125__L2,1.18882
2013Q4,srv0198__L1,1.28081
2013Q4,msc0583__L2,0.89533
2013Q4,srv0304__L1,0.17508
2013Q4,srv0132__L2,0.7873
2013Q4,srv0236__L1,2.2137
2013Q4,srv0041__L1,0.50526
2013Q4,msc0579__L2,1.34019
2013Q4,srv0112__L2,0.33959
2013Q4,srv0319__L0,2.49053
2013Q4,fin0534__L1,1.58199
2013Q4,srv0108__L2,0.50793
2013Q4,cmd0515__L2,0.26793
2013Q4,prd0419__L0,1.13064
2013Q4,srv0122__L2,1.12441
2013Q4,srv0028__L0,0.17211
2013Q4,prd0431__L2,1.40757
2013Q4,prd0443__L1,0.61963
2013Q4,prd0435__L0,0.29694
2013Q4,srv0011__L0,0.06426
2013Q4,srv0113__L0,0.54757
2013Q4,srv0074__L1,0.1544
2013Q4,srv0324__L0,0.69828
2014Q1,prd0408__L2,1.30207
2014Q1,srv0207__L2,0.57186
2014Q1,ord0358__L2,0.14743
2014Q1,cmd0528__L1,0.09405
2014Q1,msc0579__L0,0.85429
2014Q1,srv0058__L2,0.37602
2014Q1,srv0041__L1,0.68139
2014Q1,msc0585__L0,0.0944
2014Q1,prd0431__L1,0.35154
2014Q1,srv0080__L0,0.50253
2014Q1,cmd0521__L2,0.21011
2014Q1,srv0081__L0,0.3072
2014Q1,ord0353__L1,0.03806
2014Q1,srv0320__L1,0.3353
2014Q1,srv0130__L1,0.30214
2014Q1,con0453__L0,0.10507
2014Q1,trd0490__L1,0.42048
2014Q1,srv0158__L1,1.17581
2014Q1,srv0281__L0,0.2082
2014Q1,con0446__L2,1.35017
2014Q1,srv0210__L1,0.02634
2014Q1,srv0195__L2,0.59761
2014Q1,glb0560__L2,0.20005
2014Q1,srv0068__L1,0.11827
2014Q1,ord0340__L0,0.17553
2014Q1,ord0362__L2,0.25899
2014Q1,trd0472__L0,0.38657
2014Q1,srv0202__L2,1.32743
2014Q1,srv0049__L2,0.33019
2014Q1,srv0082__L2,0.17172
2014Q1,srv0176__L0,0.20176
2014Q1,srv0198__L2,0.39327
2014Q1,srv0304__L1,0.01528
2014Q1,srv0104__L2,0.82817
2014Q1,srv0252__L1,0.02581
2014Q1,srv0015__L0,0.54024
2014Q1,trn0376__L0,1.79492
2014Q1,trn0393__L0,0.13623
2014Q1,trd0464__L1,0.47301
2014Q1,srv0305__L1,0.14885
2014Q1,srv0092__L2,0.26341
2014Q1,srv0044__L1,0.40395
2014Q1,srv0017__L2,0.74619
2014Q1,srv0059__L0,0.63651
2014Q1,srv0316__L1,0.94527
2014Q1,srv0154__L1,1.2329
2014Q1,trd0479__L1,0.7506
2014Q1,srv0108__L0,0.84657
2014Q1,srv0295__L0,0.06188
2014Q1,srv0143__L1,0.14048
2014Q1,srv0337__L0,3.66496
2014Q1,srv0133__L1,1.67197
2014Q1,prd0426__L1,0.14158
2014Q1,srv0112__L0,0.43557
2014Q1,msc0568__L1,0.36372
2014Q1,glb0557__L2,0.03107
2014Q1,srv0122__L0,0.1384
2014Q1,ord0347__L1,0.53719
2014Q1,cmd0517__L1,1.18223
2014Q1,srv0204__L0,0.06938
2014Q2,msc0585__L2,0.73675
2014Q2,glb0557__L2,1.2888
2014Q2,srv0082__L2,0.01984
2014Q2,prd0443__L2,0.28873
2014Q2,srv0138__L1,0.89365
2014Q2,srv0131__L2,0.21615
2014Q2,ord0347__L0,1.20005
2014Q2,cmd0528__L0,0.07269
2014Q2,cmd0521__L2,0.0529
2014Q2,srv0176__L0,0.40077
2014Q2,srv0186__L1,1.22743
2014Q2,srv0322__L2,0.04611
2014Q2,prd0431__L2,0.44743
2014Q2,srv0117__L2,0.92263
2014Q2,srv0044__L0,0.49884
2014Q2,msc0582__L2,0.05016
2014Q2,srv0054__L1,0.4198
2014Q2,srv0156__L1,0.08915
2014Q2,srv0108__L2,0.39227
2014Q2,srv0154__L2,0.48771
2014Q2,srv0068__L1,0.2024
2014Q2,srv0046__L2,0.35802
2014Q2,srv0248__L2,0.13414
2014Q2,msc0574__L0,0.17801
2014Q2,srv0198__L1,0.09567
2014Q2,srv0133__L0,0.13445
2014Q2,srv0028__L0,0.22437
2014Q2,cmd0515__L0,1.00676
2014Q2,srv0160__L0,0.04714
2014Q2,srv0189__L2,0.45632
2014Q2,trd0472__L1,0.02253
2014Q2,msc0579__L2,1.10394
2014Q2,trn0379__L0,0.34065
2014Q2,srv0113__L1,0.99513
2014Q2,srv0320__L2,1.00092
2014Q2,prd0438__L0,0.85036
2014Q2,srv0135__L1,0.68448
2014Q2,srv0049__L0,0.35802
2014Q2,ord0353__L2,0.33745
2014Q2,trd0479__L0,0.56373
2014Q2,trd0471__L1,0.10964
2014Q2,srv0319__L2,1.22945
2014Q2,ord0356__L2,0.0522
2014Q2,srv0204__L1,0.57337
2014Q2,prd0419__L1,0.02459
2014Q2,con0446__L2,0.37211
2014Q2,prd0413__L1,0.16263
2014Q2,srv0092__L1,0.16662
2014Q2,srv0125__L0,0.41989
2014Q2,prd0433__L1,0.13079
2014Q2,ord0366__L2,1.12256
2014Q2,srv0062__L2,0.11924
2014Q2,msc0568__L1,1.14605
2014Q2,srv0202__L2,0.49832
2014Q2,srv0305__L0,0.33049
2014Q2,trd0476__L1,0.7411
2014Q2,prd0426__L0,0.41459
2014Q2,srv0281__L1,0.51042
2014Q2,trn0385__L2,0.21361
2014Q2,srv0011__L2,0.14822
2014Q3,srv0046__L2,0.33384
2014Q3,prd0433__L1,0.15656
2014Q3,srv0204__L2,0.30735
2014Q3,trd0472__L2,0.68395
2014Q3,srv0028__L0,0.78433
2014Q3,msc0574__L0,0.94588
2014Q3,srv0198__L2,0.02147
2014Q3,cmd0515__L2,0.55158
2014Q3,srv0038__L1,0.85899
2014Q3,srv0210__L2,0.24065
2014Q3,srv0112__L2,0.00178
2014Q3,cmd0522__L0,0.53663
2014Q3,srv0162__L2,1.09702
2014Q3,srv0248__L0,0.32211
2014Q3,prd0435__L0,0.58448
2014Q3,trd0489__L1,0.01065
2014Q3,srv0131__L2,0.4443
2014Q3,srv0054__L1,0.08963
2014Q3,srv0104__L0,0.04425
2014Q3,srv0102__L0,0.42697
2014Q3,trn0379__L0,0.17557
2014Q3,srv0292__L0,0.32325
2014Q3,msc0579__L0,0.11003
2014Q3,trn0393__L2,1.20744
2014Q3,glb0560__L0,0.9449
2014Q3,srv0049__L2,0.50842
2014Q3,srv0108__L1,2.78424
2014Q3,srv0295__L0,0.22655
2014Q3,srv0187__L1,3.14434
2014Q3,srv0143__L0,0.14993
2014Q3,srv0335__L0,0.72402
2014Q3,msc0582__L1,0.84233
2014Q3,trd0478__L2,0.24179
2014Q3,prd0443__L2,1.45067
2014Q3,srv0029__L2,0.30256
2014Q3,srv0074__L0,0.30512
2014Q3,trn0385__L0,1.25119
2014Q3,trd0467__L0,0.10532
2014Q3,srv0125__L1,0.48209
2014Q3,prd0426__L1,0.10583
2014Q3,srv0158__L2,0.06043
2014Q3,fin0534__L1,0.35735
2014Q3,srv0117__L0,0.3517
2014Q3,srv0195__L2,0.55872
2014Q3,ord0362__L1,0.79521
2014Q3,trd0479__L2,0.26264
2014Q3,srv0252__L0,0.40208
2014Q3,srv0337__L2,1.81156
2014Q3,srv0207__L0,1.08399
2014Q3,srv0059__L2,0.28879
2014Q3,ord0356__L2,0.25882
2014Q3,srv0103__L0,0.16469
2014Q3,srv0305__L1,0.87017
2014Q3,srv0236__L0,0.00487
2014Q3,ord0347__L2,0.06344
2014Q3,trd0471__L2,0.83686
2014Q3,srv0132__L2,0.47481
2014Q3,prd0438__L0,0.19999
2014Q3,srv0322__L1,0.28065
2014Q3,srv0127__L2,0.40585
2014Q4,srv0108__L1,0.33207
2014Q4,glb0557__L1,1.95117
2014Q4,srv0062__L1,0.15275
2014Q4,srv0044__L1,0.12279
2014Q4,srv0332__L2,0.07542
2014Q4,srv0335__L0,0.25695
2014Q4,srv0143__L2,1.65166
2014Q4,srv0337__L1,0.39143
2014Q4,srv0125__L0,0.70207
2014Q4,cmd0528__L0,0.70625
2014Q4,cmd0521__L0,0.21507
2014Q4,srv0103__L1,0.37182
2014Q4,srv0041__L2,0.2368
2014Q4,srv0195__L2,1.81244
2014Q4,srv0198__L1,1.09193
2014Q4,srv0212__L2,0.18381
2014Q4,srv0017__L0,0.80804
2014Q4,srv0160__L0,0.22966
2014Q4,srv0068__L1,0.26013
2014Q4,srv0082__L0,0.06229
2014Q4,trd0467__L1,0.80766
2014Q4,srv0074__L1,0.45481
2014Q4,srv0092__L2,0.44124
2014Q4,srv0202__L1,0.2637
2014Q4,srv0171__L1,0.72299
2014Q4,srv0046__L2,1.0444
2014Q4,ord0356__L1,0.71801
2014Q4,msc0568__L2,0.25873
2014Q4,msc0582__L1,0.36053
2014Q4,trd0476__L2,0.49956
2014Q4,trd0490__L1,2.13174
2014Q4,srv0292__L2,0.81426
2014Q4,trd0483__L1,1.92531
2014Q4,srv0049__L2,0.16464
2014Q4,srv0029__L0,0.67062
2014Q4,srv0248__L2,0.00888
2014Q4,srv0322__L0,0.07626
2014Q4,srv0158__L2,0.51167
2014Q4,srv0080__L0,0.05753
2014Q4,srv0122__L0,0.22395
2014Q4,trd0479__L1,0.29475
2014Q4,cmd0515__L0,0.82354
2014Q4,srv0320__L0,0.77109
2014Q4,srv0162__L0,1.30227
2014Q4,fin0534__L0,0.40649
2014Q4,srv0081__L0,0.88376
2014Q4,prd0419__L2,0.38536
2014Q4,srv0281__L1,1.4736
2014Q4,srv0304__L1,0.76718
2014Q4,srv0186__L1,0.26447
2014Q4,srv0131__L2,0.24446
2014Q4,trn0385__L0,0.27524
2014Q4,ord0353__L0,0.6945
2014Q4,trn0393__L2,0.09765
2014Q4,ord0362__L0,1.34059
2014Q4,ord0347__L2,0.42048
2014Q4,trd0464__L0,2.3359
2014Q4,srv0316__L0,0.21412
2014Q4,srv0252__L1,0.53495
2014Q4,srv0058__L2,1.07861
2015Q1,con0453__L1,0.86836
2015Q1,srv0080__L2,0.83461
2015Q1,prd0413__L2,1.35397
2015Q1,trd0490__L1,0.73547
2015Q1,srv0103__L0,0.0434
2015Q1,srv0162__L1,0.64638
2015Q1,srv0212__L1,0.37393
2015Q1,srv0324__L2,0.15877
2015Q1,srv0059__L0,0.7554
2015Q1,srv0130__L1,0.54585
2015Q1,trd0479__L2,0.02993
2015Q1,cmd0521__L1,0.07459
2015Q1,srv0198__L2,0.31719
2015Q1,srv0038__L1,0.20979
2015Q1,ord0347__L2,0.02847
2015Q1,srv0320__L1,0.2642
2015Q1,msc0583__L0,0.54341
2015Q1,srv0108__L0,0.03483
2015Q1,srv0160__L1,0.57787
2015Q1,srv0154__L0,0.23072
2015Q1,srv0049__L2,0.1671
2015Q1,srv0304__L0,0.87344
2015Q1,srv0029__L2,0.17566
2015Q1,prd0408__L0,0.16352
2015Q1,srv0337__L2,0.52328
2015Q1,srv0195__L0,0.63347
2015Q1,ord0356__L2,0.02568
2015Q1,srv0062__L1,0.07497
2015Q1,prd0431__L0,0.0642
2015Q1,trd0471__L2,0.18635
2015Q1,srv0171__L2,0.35612
2015Q1,srv0068__L1,0.1971
2015Q1,srv0189__L2,0.21479
2015Q1,srv0092__L1,0.84042
2015Q1,srv0104__L2,0.78245
2015Q1,srv0202__L0,0.93059
2015Q1,fin0534__L1,0.62972
2015Q1,trn0385__L0,0.45033
2015Q1,srv0017__L1,0.52675
2015Q1,msc0585__L0,0.74962
2015Q1,trd0476__L0,0.7358
2015Q1,srv0112__L1,0.24566
2015Q1,srv0207__L0,0.34849
2015Q1,cmd0528__L0,0.07008
2015Q1,ord0353__L0,0.27125
2015Q1,trn0379__L0,0.47564
2015Q1,srv0041__L1,0.12291
2015Q1,srv0316__L0,0.06116
2015Q1,srv0292__L1,0.12958
2015Q1,srv0082__L2,0.50343
2015Q1,srv0319__L1,0.22285
2015Q1,srv0133__L1,1.68943
2015Q1,srv0281__L0,0.14229
2015Q1,srv0295__L0,1.06675
2015Q1,trd0467__L1,0.39547
2015Q1,prc0511__L2,0.11695
2015Q1,srv0122__L1,0.69012
2015Q1,prd0433__L2,0.10059
2015Q1,msc0579__L2,0.46853
2015Q1,trd0489__L2,0.28838
2015Q2,srv0281__L1,0.58835
2015Q2,srv0029__L1,0.20523
2015Q2,srv0125__L2,1.72724
2015Q2,srv0262__L0,0.73797
2015Q2,srv0324__L1,0.47699
2015Q2,prd0431__L1,0.80892
2015Q2,srv0102__L1,1.3526
2015Q2,srv0062__L1,0.25017
2015Q2,msc0568__L2,0.1238
2015Q2,trd0464__L2,0.10578
2015Q2,srv0320__L1,0.05635
2015Q2,trd0483__L2,0.8818
2015Q2,srv0322__L0,0.3289
2015Q2,trn0393__L0,1.0863
2015Q2,srv0304__L1,0.43681
2015Q2,msc0574__L2,0.02276
2015Q2,trd0479__L0,0.90525
2015Q2,srv0319__L2,0.75656
2015Q2,srv0113__L1,0.30739
2015Q2,srv0108__L1,0.11283
2015Q2,cmd0522__L0,0.03536
2015Q2,prd0426__L2,0.42038
2015Q2,srv0133__L0,1.32277
2015Q2,srv0046__L2,0.73087
2015Q2,prd0419__L0,0.28414
2015Q2,srv0186__L1,0.1545
2015Q2,srv0074__L0,0.20927
2015Q2,prc0511__L0,0.30705
2015Q2,trd0476__L2,0.39473
2015Q2,glb0557__L1,0.18777
2015Q2,ord0366__L2,2.43659
2015Q2,srv0028__L2,0.34431
2015Q2,prd0443__L2,1.57349
2015Q2,srv0198__L2,0.29772
2015Q2,srv0103__L1,0.13292
2015Q2,ord0347__L2,0.00567
2015Q2,msc0579__L1,0.57944
2015Q2,srv0162__L0,0.92617
2015Q2,srv0335__L2,0.5596
2015Q2,msc0585__L2,0.24878
2015Q2,srv0248__L1,2.33417
2015Q2,trn0376__L2,0.97581
2015Q2,ord0362__L0,1.27279
2015Q2,srv0337__L2,1.1668
2015Q2,srv0316__L1,1.78156
2015Q2,msc0582__L0,0.40257
2015Q2,ord0356__L2,0.11176
2015Q2,srv0054__L1,0.9005
2015Q2,srv0210__L2,0.34489
2015Q2,srv0176__L1,0.06136
2015Q2,prd0413__L2,0.13761
2015Q2,srv0252__L0,0.0525
2015Q2,srv0135__L2,0.01077
2015Q2,srv0082__L2,1.37093
2015Q2,srv0112__L1,0.24252
2015Q2,con0446__L1,0.29494
2015Q2,srv0128__L0,1.39418
2015Q2,srv0154__L0,0.89578
2015Q2,fin0534__L2,0.25291
2015Q2,trn0379__L1,1.04233
2015Q3,glb0560__L0,0.66564
2015Q3,srv0305__L1,1.37734
2015Q3,srv0252__L1,0.11382
2015Q3,srv0011__L0,0.10611
2015Q3,msc0583__L1,0.24106
2015Q3,srv0108__L2,0.59907
2015Q3,trd0478__L1,0.15071
2015Q3,srv0337__L2,0.16948
2015Q3,srv0112__L0,1.04812
2015Q3,srv0058__L0,0.55005
2015Q3,trd0472__L2,1.22709
2015Q3,trd0479__L2,0.34355
2015Q3,con0446__L0,0.16019
2015Q3,srv0281__L1,0.63476
2015Q3,srv0132__L0,0.28024
2015Q3,srv0154__L1,0.1787
2015Q3,srv0248__L1,0.01928
2015Q3,srv0319__L2,0.10385
2015Q3,srv0028__L0,0.30896
2015Q3,msc0574__L2,0.22727
2015Q3,cmd0528__L2,0.53993
2015Q3,srv0207__L1,0.08148
2015Q3,srv0125__L0,0.73631
2015Q3,ord0355__L0,0.09054
2015Q3,srv0138__L2,0.75681
2015Q3,srv0176__L2,0.77241
2015Q3,trd0490__L2,0.00149
2015Q3,prd0426__L0,0.69747
2015Q3,srv0156__L0,0.28277
2015Q3,trn0385__L2,0.13491
2015Q3,prc0511__L1,0.58477
2015Q3,srv0195__L2,0.26067
2015Q3,srv0202__L2,0.85429
2015Q3,prd0438__L2,0.02684
2015Q3,srv0103__L1,0.04422
2015Q3,srv0113__L0,0.03929
2015Q3,srv0128__L2,0.06297
2015Q3,srv0049__L0,0.87359
2015Q3,srv0171__L0,0.76335
2015Q3,srv0059__L2,0.03368
2015Q3,srv0135__L2,0.29604
2015Q3,srv0104__L0,0.847
2015Q3,srv0092__L2,0.44796
2015Q3,prd0443__L0,1.9094
2015Q3,srv0324__L1,0.35787
2015Q3,srv0204__L2,0.2492
2015Q3,srv0316__L1,0.38091
2015Q3,trd0483__L0,0.33395
2015Q3,srv0210__L2,0.89529
2015Q3,srv0117__L1,0.56666
2015Q3,srv0295__L0,0.28272
2015Q3,cmd0515__L1,1.36362
2015Q3,srv0187__L1,0.00739
2015Q3,srv0041__L0,0.13688
2015Q3,prd0435__L2,0.50009
2015Q3,con0453__L0,0.59729
2015Q3,srv0332__L1,0.58641
2015Q3,prd0419__L2,0.31734
2015Q3,srv0081__L2,0.21568
2015Q3,prd0408__L1,0.18809
2015Q4,trd0471__L2,0.9084
2015Q4,ord0353__L2,0.6966
2015Q4,srv0104__L2,0.23707
2015Q4,msc0582__L2,0.87659
2015Q4,srv0295__L2,0.0122
2015Q4,srv0127__L0,0.43045
2015Q4,srv0046__L0,0.32025
2015Q4,srv0210__L0,0.67521
2015Q4,prd0426__L1,0.01505
2015Q4,srv0103__L1,0.80961
2015Q4,glb0557__L1,0.65797
2015Q4,srv0156__L1,0.22212
2015Q4,trn0385__L0,0.31839
2015Q4,srv0028__L0,0.60934
2015Q4,trd0478__L1,1.17634
2015Q4,prd0435__L0,0.40827
2015Q4,srv0131__L2,0.04599
2015Q4,srv0324__L2,0.59096
2015Q4,srv0186__L2,0.02912
2015Q4,srv0319__L0,1.72097
2015Q4,trd0483__L1,0.32011
2015Q4,srv0304__L2,0.25386
2015Q4,srv0335__L2,0.11006
2015Q4,srv0187__L0,0.19286
2015Q4,srv0189__L0,0.16485
2015Q4,srv0202__L0,0.04241
2015Q4,srv0176__L1,0.02074
2015Q4,prd0431__L0,0.43596
2015Q4,trd0476__L2,0.11988
2015Q4,srv0011__L0,0.07184
2015Q4,srv0108__L1,0.4534
2015Q4,srv0160__L0,0.23618
2015Q4,srv0062__L0,0.9649
2015Q4,srv0262__L1,0.17619
2015Q4,srv0281__L1,0.89119
2015Q4,srv0082__L1,0.42776
2015Q4,srv0074__L0,0.24784
2015Q4,srv0332__L2,2.38995
2015Q4,trn0376__L0,0.05489
2015Q4,prd0408__L1,0.19932
2015Q4,srv0143__L1,0.33308
2015Q4,srv0171__L1,0.27677
2015Q4,srv0138__L0,1.09587
2015Q4,srv0029__L2,0.20965
2015Q4,cmd0517__L1,0.17564
2015Q4,srv0058__L0,0.78123
2015Q4,cmd0522__L1,0.19131
2015Q4,srv0162__L2,0.16794
2015Q4,ord0366__L1,0.47335
2015Q4,srv0252__L1,0.32548
2015Q4,trd0490__L1,0.00487
2015Q4,srv0135__L2,0.21362
2015Q4,srv0154__L0,0.20761
2015Q4,msc0579__L1,0.05694
2015Q4,srv0204__L2,0.15882
2015Q4,prd0419__L1,0.40829
2015Q4,srv0068__L0,0.26384
2015Q4,ord0347__L0,1.04558
2015Q4,fin0534__L0,0.01246
2015Q4,srv0081__L0,0.06963
2016Q1,trn0379__L2,1.55399
2016Q1,msc0583__L1,0.20994
2016Q1,trd0479__L0,0.0457
2016Q1,cmd0517__L2,0.95634
2016Q1,srv0154__L2,0.54417
2016Q1,srv0125__L0,0.05803
2016Q1,srv0062__L2,0.21693
2016Q1,trd0489__L1,0.61171
2016Q1,prd0435__L2,0.17318
2016Q1,cmd0528__L1,1.1361
2016Q1,trd0476__L0,0.05554
2016Q1,srv0102__L1,0.00651
2016Q1,prd0408__L1,0.51046
2016Q1,srv0335__L0,0.32275
2016Q1,srv0080__L1,1.64888
2016Q1,srv0122__L2,0.21283
2016Q1,srv0068__L0,0.39805
2016Q1,srv0058__L0,0.86385
2016Q1,srv0171__L0,1.46607
2016Q1,srv0113__L0,0.25059
2016Q1,trd0464__L0,0.34535
2016Q1,trn0385__L2,0.37718
2016Q1,srv0332__L2,0.13323
2016Q1,srv0156__L2,0.05304
2016Q1,srv0304__L0,1.50604
2016Q1,srv0130__L2,1.72426
2016Q1,msc0579__L1,0.32919
2016Q1,srv0322__L2,0.82134
2016Q1,srv0319__L0,0.32577
2016Q1,srv0295__L0,0.02674
2016Q1,msc0585__L2,0.14159
2016Q1,prd0419__L2,2.39817
2016Q1,srv0236__L1,0.40868
2016Q1,ord0356__L1,0.23223
2016Q1,srv0074__L1,0.1143
2016Q1,srv0017__L0,0.23201
2016Q1,srv0176__L1,1.67522
2016Q1,srv0059__L0,0.08846
2016Q1,srv0212__L1,0.5738
2016Q1,prd0443__L2,0.0258
2016Q1,srv0092__L2,0.10535
2016Q1,ord0347__L2,0.83362
2016Q1,srv0189__L2,0.38491
2016Q1,cmd0521__L2,0.2311
2016Q1,srv0324__L2,0.34315
2016Q1,srv0162__L1,1.80696
2016Q1,ord0358__L2,0.57372
2016Q1,srv0252__L1,0.31663
2016Q1,srv0049__L0,0.00019
2016Q1,srv0262__L2,0.49085
2016Q1,srv0082__L2,0.00833
2016Q1,srv0054__L1,1.214
2016Q1,srv0029__L0,0.0237
2016Q1,srv0143__L1,1.09083
2016Q1,srv0103__L2,0.00914
2016Q1,srv0202__L2,1.49189
2016Q1,srv0207__L2,1.05992
2016Q1,ord0362__L2,0.15432
2016Q1,trd0471__L2,0.69448
2016Q1,trn0376__L2,0.54551
2016Q2,srv0112__L1,0.26486
2016Q2,srv0132__L2,0.04271
2016Q2,srv0319__L1,0.53279
2016Q2,srv0171__L1,0.02799
2016Q2,trd0489__L2,0.0626
2016Q2,prd0413__L0,0.07692
2016Q2,srv0108__L2,0.06957
2016Q2,srv0337__L0,0.87116
2016Q2,srv0068__L0,1.21162
2016Q2,msc0585__L0,0.32563
2016Q2,srv0117__L1,1.42044
2016Q2,srv0049__L1,0.1537
2016Q2,srv0074__L2,0.94259
2016Q2,srv0028__L2,0.20525
2016Q2,prc0511__L2,0.07906
2016Q2,srv0198__L0,0.4517
2016Q2,srv0212__L1,0.42989
2016Q2,trd0490__L0,0.66096
2016Q2,con0446__L1,0.19269
2016Q2,srv0143__L0,0.21803
2016Q2,srv0011__L0,0.01001
2016Q2,srv0187__L0,0.00626
2016Q2,trd0467__L0,1.58031
2016Q2,srv0092__L1,2.34971
2016Q2,srv0135__L2,0.5801
2016Q2,msc0583__L0,0.80278
2016Q2,cmd0522__L0,0.72679
2016Q2,con0453__L0,0.6532
2016Q2,msc0582__L1,1.39633
2016Q2,srv0262__L2,0.86853
2016Q2,srv0195__L1,0.33432
2016Q2,srv0046__L1,0.37915
2016Q2,prd0408__L1,0.2411
2016Q2,trd0471__L0,0.27086
2016Q2,cmd0521__L1,1.11434
2016Q2,srv0176__L1,1.99266
2016Q2,srv0122__L2,0.03754
2016Q2,ord0356__L0,0.09567
2016Q2,srv0210__L1,0.4877
2016Q2,srv0113__L2,0.12198
2016Q2,srv0252__L1,1.3469
2016Q2,trn0379__L0,0.29323
2016Q2,srv0292__L2,0.53725
2016Q2,srv0041__L2,0.3441
2016Q2,srv0058__L2,2.15754
2016Q2,srv0059__L2,0.4339
2016Q2,srv0154__L2,0.15748
2016Q2,prd0431__L1,1.88687
2016Q2,srv0322__L1,0.27439
2016Q2,srv0295__L2,0.86148
2016Q2,srv0103__L2,0.31263
2016Q2,srv0305__L0,0.05785
2016Q2,srv0248__L2,0.86451
2016Q2,srv0156__L1,0.06245
2016Q2,srv0335__L1,0.38247
2016Q2,prd0433__L2,0.32361
2016Q2,trd0476__L2,0.11774
2016Q2,srv0160__L1,0.40161
2016Q2,srv0130__L0,0.42955
2016Q2,srv0332__L2,0.60756
2016Q3,srv0158__L1,0.42319
2016Q3,prd0408__L0,0.08217
2016Q3,ord0358__L2,0.50595
2016Q3,srv0108__L1,0.89169
2016Q3,srv0160__L0,0.85954
2016Q3,trn0376__L1,0.87958
2016Q3,srv0074__L0,0.09622
2016Q3,prd0431__L0,0.11275
2016Q3,srv0319__L2,2.27269
2016Q3,prd0419__L1,0.0789
2016Q3,ord0347__L1,1.14595
2016Q3,prd0438__L0,0.18264
2016Q3,srv0207__L1,0.07937
2016Q3,srv0195__L1,0.74293
2016Q3,prd0413__L2,0.24229
2016Q3,srv0112__L1,0.1787
2016Q3,msc0574__L0,0.90083
2016Q3,cmd0522__L2,0.37541
2016Q3,prd0443__L1,0.35073
2016Q3,srv0305__L2,0.2283
2016Q3,srv0102__L0,0.3573
2016Q3,trd0464__L2,0.39161
2016Q3,srv0295__L1,0.57132
2016Q3,prd0433__L1,0.10068
2016Q3,ord0340__L2,0.05291
2016Q3,glb0557__L0,0.41793
2016Q3,srv0162__L0,0.15469
2016Q3,srv0204__L0,0.15268
2016Q3,srv0143__L0,0.77013
2016Q3,srv0138__L0,1.00353
2016Q3,cmd0528__L1,0.13822
2016Q3,srv0068__L0,0.50815
2016Q3,srv0015__L2,0.13839
2016Q3,srv0262__L0,0.44301
2016Q3,srv0046__L2,0.47149
2016Q3,msc0583__L0,0.10081
2016Q3,srv0082__L0,0.5973
2016Q3,trd0489__L1,0.21733
2016Q3,srv0156__L2,1.35833
2016Q3,srv0062__L2,0.84135
2016Q3,ord0355__L0,0.20978
2016Q3,srv0186__L2,0.40563
2016Q3,srv0187__L2,0.19335
2016Q3,srv0044__L2,0.01627
2016Q3,srv0080__L0,0.113
2016Q3,cmd0521__L0,1.01801
2016Q3,srv0133__L1,0.09429
2016Q3,msc0568__L2,0.08925
2016Q3,srv0171__L1,0.2153
2016Q3,srv0081__L0,1.36462
2016Q3,prd0426__L1,0.34853
2016Q3,trd0472__L2,0.58182
2016Q3,trn0393__L2,0.19965
2016Q3,ord0362__L1,0.08171
2016Q3,srv0316__L1,0.01297
2016Q3,srv0130__L2,0.36066
2016Q3,msc0582__L1,0.1464
2016Q3,ord0356__L0,0.18403
2016Q3,srv0092__L2,0.26789
2016Q3,srv0202__L1,1.40548
2016Q4,srv0041__L1,0.63546
2016Q4,srv0158__L2,0.87122
2016Q4,srv0029__L0,0.66443
2016Q4,trd0471__L1,0.44239
2016Q4,srv0028__L2,1.22583
2016Q4,trn0385__L1,0.37475
2016Q4,srv0128__L2,0.64303
2016Q4,srv0154__L0,0.26441
2016Q4,cmd0528__L1,0.07911
2016Q4,srv0171__L2,0.19887
2016Q4,srv0082__L1,0.08723
2016Q4,trd0472__L0,0.9472
2016Q4,fin0534__L0,0.22557
2016Q4,trd0467__L1,0.51521
2016Q4,cmd0517__L0,0.37118
2016Q4,cmd0522__L0,0.11807
2016Q4,srv0198__L2,0.09482
2016Q4,srv0156__L1,2.63893
2016Q4,ord0347__L0,0.26498
2016Q4,srv0102__L0,0.77326
2016Q4,trd0464__L2,0.10313
2016Q4,srv0133__L1,0.35412
2016Q4,srv0131__L0,0.94324
2016Q4,ord0340__L0,0.10109
2016Q4,srv0189__L2,0.68837
2016Q4,srv0160__L0,0.16854
2016Q4,srv0092__L2,0.43834
2016Q4,srv0292__L0,0.11453
2016Q4,prd0426__L2,0.20923
2016Q4,srv0108__L2,0.05102
2016Q4,cmd0515__L1,0.45973
2016Q4,trd0478__L2,0.25663
2016Q4,srv0081__L1,0.51808
2016Q4,srv0011__L2,0.9689
2016Q4,srv0135__L2,0.2895
2016Q4,srv0207__L0,0.10601
2016Q4,srv0210__L0,0.04215
2016Q4,srv0316__L0,0.66515
2016Q4,con0453__L2,0.11262
2016Q4,cmd0521__L1,0.00277
2016Q4,srv0335__L0,0.35871
2016Q4,msc0579__L0,0.40176
2016Q4,srv0059__L0,2.57341
2016Q4,srv0295__L1,0.18616
2016Q4,srv0138__L1,0.0109
2016Q4,ord0358__L1,0.28473
2016Q4,srv0262__L1,0.03527
2016Q4,srv0162__L1,0.02501
2016Q4,srv0252__L1,1.18961
2016Q4,ord0355__L0,0.34163
2016Q4,prd0413__L1,0.13505
2016Q4,msc0585__L2,0.58499
2016Q4,srv0204__L0,0.45417
2016Q4,prd0419__L0,0.11782
2016Q4,glb0557__L2,0.62322
2016Q4,srv0017__L2,0.36836
2016Q4,srv0132__L0,0.01325
2016Q4,srv0062__L0,0.38674
2016Q4,srv0320__L0,0.09952
2016Q4,prd0438__L0,0.11917
2017Q1,srv0210__L0,0.38477
2017Q1,srv0054__L1,0.17515
2017Q1,srv0062__L0,0.02024
2017Q1,glb0560__L1,0.29566
2017Q1,trd0471__L1,2.04069
2017Q1,srv0295__L2,0.71073
2017Q1,srv0128__L1,0.39505
2017Q1,con0446__L1,1.11048
2017Q1,prd0433__L2,0.36742
2017Q1,srv0320__L0,0.04885
2017Q1,srv0187__L0,0.9098
2017Q1,srv0104__L0,0.59668
2017Q1,msc0579__L2,0.43692
2017Q1,prd0443__L1,0.34033
2017Q1,msc0585__L0,0.02857
2017Q1,srv0292__L1,0.92985
2017Q1,trd0476__L1,0.03446
2017Q1,ord0340__L2,1.83239
2017Q1,srv0029__L2,0.5114
2017Q1,msc0582__L2,0.05246
2017Q1,srv0143__L1,0.19758
2017Q1,msc0568__L2,0.84977
2017Q1,ord0353__L1,1.83762
2017Q1,srv0082__L2,1.26693
2017Q1,srv0335__L0,0.5829
2017Q1,srv0158__L2,0.08197
2017Q1,srv0117__L2,0.14458
2017Q1,srv0081__L1,0.13152
2017Q1,srv0122__L2,0.61924
2017Q1,glb0557__L0,0.02887
2017Q1,srv0202__L0,0.19367
2017Q1,cmd0517__L0,0.0609
2017Q1,srv0127__L2,0.0977
2017Q1,srv0044__L0,0.78795
2017Q1,ord0362__L0,0.37496
2017Q1,srv0236__L1,0.51058
2017Q1,srv0011__L1,0.09526
2017Q1,srv0138__L2,0.94704
2017Q1,trn0376__L0,0.20998
2017Q1,srv0130__L1,0.26243
2017Q1,srv0162__L0,0.41232
2017Q1,srv0154__L2,0.26669
2017Q1,fin0534__L2,0.55815
2017Q1,srv0103__L0,0.0544
2017Q1,srv0332__L1,0.30191
2017Q1,srv0176__L1,0.19496
2017Q1,srv0113__L2,0.57513
2017Q1,srv0186__L1,0.50693
2017Q1,trn0379__L2,0.68904
2017Q1,srv0248__L1,0.25785
2017Q1,srv0135__L1,0.74883
2017Q1,srv0304__L1,0.75508
2017Q1,srv0074__L0,0.00787
2017Q1,srv0132__L0,0.17152
2017Q1,prd0438__L1,0.27311
2017Q1,trn0393__L2,0.8032
2017Q1,trn0385__L0,0.83803
2017Q1,trd0467__L1,0.22592
2017Q1,srv0133__L2,0.4418
2017Q1,srv0156__L2,0.18553
2017Q2,msc0583__L0,0.52892
2017Q2,srv0143__L2,0.0949
2017Q2,srv0158__L1,3.4689
2017Q2,cmd0515__L1,0.16399
2017Q2,srv0316__L0,0.22955
2017Q2,glb0557__L2,0.11943
2017Q2,srv0059__L2,0.2194
2017Q2,srv0074__L1,0.36178
2017Q2,srv0102__L0,0.23355
2017Q2,srv0198__L2,0.0729
2017Q2,srv0092__L0,1.84875
2017Q2,ord0355__L2,0.747
2017Q2,prd0419__L2,0.25406
2017Q2,srv0128__L2,0.82147
2017Q2,srv0187__L1,0.53481
2017Q2,cmd0528__L0,0.7522
2017Q2,srv0248__L2,0.07056
2017Q2,ord0366__L1,0.32209
2017Q2,fin0534__L0,0.15086
2017Q2,srv0262__L2,0.2925
2017Q2,prd0413__L0,0.15405
2017Q2,srv0117__L2,0.24944
2017Q2,srv0130__L1,0.61998
2017Q2,srv0132__L0,0.69458
2017Q2,srv0081__L0,0.64178
2017Q2,srv0127__L1,1.1104
2017Q2,srv0324__L1,0.15648
2017Q2,srv0015__L0,0.56331
2017Q2,srv0176__L2,0.29691
2017Q2,srv0210__L0,1.14455
2017Q2,srv0332__L2,1.46144
2017Q2,prd0426__L2,0.03762
2017Q2,ord0362__L1,0.14871
2017Q2,srv0046__L0,0.36661
2017Q2,srv0305__L0,0.14214
2017Q2,srv0028__L1,0.03448
2017Q2,srv0113__L0,0.28671
2017Q2,srv0038__L0,0.29901
2017Q2,msc0585__L0,0.18802
2017Q2,srv0011__L0,0.81339
2017Q2,srv0204__L0,0.16901
2017Q2,msc0574__L2,0.61682
2017Q2,trd0483__L2,0.56083
2017Q2,msc0579__L2,0.55319
2017Q2,trd0476__L2,0.15874
2017Q2,srv0207__L0,0.20798
2017Q2,srv0154__L0,0.84678
2017Q2,trd0471__L2,0.18817
2017Q2,srv0156__L0,0.16751
2017Q2,trn0376__L0,0.00636
2017Q2,srv0195__L2,0.03587
2017Q2,srv0202__L2,0.21534
2017Q2,srv0319__L0,0.27522
2017Q2,srv0162__L0,0.72918
2017Q2,srv0062__L1,0.13971
2017Q2,srv0029__L0,0.59543
2017Q2,srv0080__L0,0.6571
2017Q2,srv0112__L0,0.05421
2017Q2,srv0133__L2,0.19605
2017Q2,srv0054__L1,0.04937
2017Q3,ord0340__L2,0.01682
2017Q3,srv0062__L2,0.53782
2017Q3,srv0058__L1,1.42104
2017Q3,trn0379__L0,2.66241
2017Q3,srv0127__L2,1.05813
2017Q3,srv0186__L0,0.00154
2017Q3,srv0212__L0,1.10027
2017Q3,srv0305__L0,0.25308
2017Q3,cmd0515__L1,0.36097
2017Q3,srv0038__L1,4.18314
2017Q3,srv0104__L0,0.01004
2017Q3,cmd0522__L1,0.36721
2017Q3,srv0017__L0,0.00849
2017Q3,srv0322__L0,0.28279
2017Q3,trd0483__L1,0.28573
2017Q3,cmd0521__L1,0.37153
2017Q3,msc0585__L0,0.21658
2017Q3,srv0158__L1,0.29003
2017Q3,ord0366__L1,0.26624
2017Q3,srv0319__L1,0.39223
2017Q3,srv0324__L2,0.19188
2017Q3,srv0176__L0,0.11714
2017Q3,msc0583__L2,0.08857
2017Q3,srv0154__L2,0.39419
2017Q3,srv0252__L1,0.20003
2017Q3,prd0431__L2,0.13563
2017Q3,srv0195__L1,0.61529
2017Q3,srv0320__L0,0.54389
2017Q3,srv0292__L0,0.27964
2017Q3,srv0049__L1,0.07413
2017Q3,prd0419__L0,0.3586
2017Q3,srv0125__L1,1.33712
2017Q3,srv0133__L0,0.83893
2017Q3,ord0358__L1,0.3691
2017Q3,srv0189__L2,0.13709
2017Q3,srv0074__L0,0.10521
2017Q3,srv0112__L2,0.35366
2017Q3,trd0467__L0,0.6577
2017Q3,srv0135__L2,0.35729
2017Q3,srv0092__L2,0.56817
2017Q3,srv0332__L1,0.28115
2017Q3,srv0041__L2,0.14883
2017Q3,srv0162__L0,0.78349
2017Q3,srv0202__L1,0.65441
2017Q3,srv0081__L2,0.22412
2017Q3,ord0355__L0,0.04274
2017Q3,trn0393__L0,0.36467
2017Q3,prd0408__L0,1.42523
2017Q3,srv0132__L2,0.21608
2017Q3,ord0362__L2,1.37309
2017Q3,srv0102__L1,1.10155
2017Q3,srv0236__L0,0.27897
2017Q3,srv0015__L0,0.2679
2017Q3,srv0204__L1,0.02123
2017Q3,msc0582__L1,0.45534
2017Q3,srv0187__L0,1.08178
2017Q3,srv0082__L0,0.8958
2017Q3,prd0413__L1,0.13972
2017Q3,con0453__L1,0.52956
2017Q3,srv0059__L1,0.36528
2017Q4,srv0130__L0,1.08737
2017Q4,srv0049__L0,0.75113
2017Q4,srv0011__L2,0.17453
2017Q4,srv0133__L0,0.19952
2017Q4,srv0082__L0,0.05426
2017Q4,srv0189__L1,1.32706
2017Q4,srv0187__L1,2.86651
2017Q4,srv0125__L1,0.00731
2017Q4,trd0479__L2,0.43252
2017Q4,trd0483__L0,1.02812
2017Q4,srv0332__L0,0.0696
2017Q4,srv0122__L2,0.69422
2017Q4,srv0112__L2,0.02857
2017Q4,srv0029__L2,1.07256
2017Q4,srv0295__L2,0.2782
2017Q4,trd0478__L1,0.19604
2017Q4,ord0358__L1,0.08574
2017Q4,srv0176__L2,0.11459
2017Q4,srv0132__L2,0.08569
2017Q4,srv0068__L0,0.70385
2017Q4,prd0443__L1,0.34906
2017Q4,srv0143__L1,0.15176
2017Q4,prd0413__L0,0.72818
2017Q4,prd0438__L2,0.99465
2017Q4,srv0337__L1,0.12746
2017Q4,srv0104__L2,0.72794
2017Q4,srv0059__L1,0.75163
2017Q4,ord0355__L1,1.11566
2017Q4,trn0385__L1,0.40828
2017Q4,srv0322__L1,0.4276
2017Q4,srv0041__L0,0.03892
2017Q4,ord0347__L2,0.10656
2017Q4,srv0135__L0,0.98783
2017Q4,srv0062__L1,0.11795
2017Q4,prd0408__L2,0.0804
2017Q4,trn0379__L2,0.11331
2017Q4,trd0490__L1,1.42508
2017Q4,srv0028__L0,0.55511
2017Q4,fin0534__L0,0.40725
2017Q4,trd0476__L1,1.0426
2017Q4,ord0362__L1,1.03431
2017Q4,cmd0521__L2,0.31846
2017Q4,trd0489__L0,0.00834
2017Q4,srv0131__L1,1.2445
2017Q4,srv0171__L2,0.16358
2017Q4,msc0568__L2,0.03283
2017Q4,trn0376__L1,1.63673
2017Q4,srv0324__L1,0.80983
2017Q4,trd0471__L2,0.35982
2017Q4,srv0304__L1,0.07056
2017Q4,msc0583__L1,0.27708
2017Q4,srv0127__L1,0.20576
2017Q4,srv0292__L0,0.2024
2017Q4,prd0433__L1,0.8209
2017Q4,ord0356__L1,0.17571
2017Q4,srv0074__L2,1.4269
2017Q4,msc0582__L0,0.0836
2017Q4,srv0102__L1,1.22366
2017Q4,msc0574__L2,0.31111
2017Q4,srv0058__L1,0.98427
2018Q1,trd0464__L1,0.15106
2018Q1,trn0393__L1,0.36817
2018Q1,ord0340__L2,0.17519
2018Q1,srv0080__L1,0.13532
2018Q1,srv0059__L1,0.26403
2018Q1,srv0281__L0,0.46637
2018Q1,srv0204__L2,0.08044
2018Q1,srv0162__L2,0.04489
2018Q1,srv0054__L2,0.32612
2018Q1,trd0476__L2,0.00185
2018Q1,srv0195__L1,0.71731
2018Q1,srv0189__L1,0.32765
2018Q1,ord0355__L2,0.32552
2018Q1,trd0490__L1,0.38781
2018Q1,srv0103__L2,0.30953
2018Q1,srv0049__L1,0.26806
2018Q1,srv0337__L2,0.48285
2018Q1,srv0252__L1,0.82839
2018Q1,msc0585__L0,0.3207
2018Q1,msc0574__L1,0.1732
2018Q1,srv0207__L2,1.15951
2018Q1,srv0127__L0,0.32901
2018Q1,srv0113__L0,0.36978
2018Q1,srv0028__L1,2.17998
2018Q1,srv0044__L0,0.87393
2018Q1,trn0376__L0,0.92026
2018Q1,srv0186__L1,0.74388
2018Q1,srv0011__L2,1.42973
2018Q1,msc0579__L2,0.02482
2018Q1,trd0478__L0,0.49222
2018Q1,srv0135__L0,0.01393
2018Q1,srv0122__L2,0.07952
2018Q1,trd0479__L2,0.86738
2018Q1,prd0419__L1,0.28884
2018Q1,ord0353__L1,0.63607
2018Q1,srv0176__L0,1.201
2018Q1,trd0471__L2,0.06785
2018Q1,ord0362__L0,0.08983
2018Q1,msc0582__L0,0.15302
2018Q1,prd0435__L2,0.39858
2018Q1,ord0366__L0,0.88458
2018Q1,trn0379__L0,0.38459
2018Q1,srv0092__L2,0.33068
2018Q1,srv0131__L2,0.31049
2018Q1,srv0082__L0,0.59634
2018Q1,msc0568__L2,0.15574
2018Q1,srv0304__L2,0.96831
2018Q1,prd0413__L1,0.26257
2018Q1,trd0483__L1,0.41961
2018Q1,cmd0521__L1,3.32912
2018Q1,srv0292__L0,0.87433
2018Q1,srv0058__L0,0.02535
2018Q1,trd0472__L1,0.63194
2018Q1,fin0534__L1,2.19669
2018Q1,srv0074__L2,0.24397
2018Q1,trd0489__L0,0.20779
2018Q1,srv0117__L0,0.24996
2018Q1,srv0322__L1,0.04941
2018Q1,srv0202__L0,0.1959
2018Q1,srv0132__L2,0.43667
2018Q2,fin0534__L2,0.07717
2018Q2,ord0362__L2,0.45187
2018Q2,srv0059__L1,0.12652
2018Q2,msc0582__L1,0.07809
2018Q2,srv0062__L0,0.65041
2018Q2,srv0305__L2,0.07629
2018Q2,glb0557__L2,0.0161
2018Q2,msc0568__L0,0.13251
2018Q2,cmd0521__L0,0.56144
2018Q2,srv0158__L2,0.10313
2018Q2,prd0426__L0,0.57001
2018Q2,srv0316__L0,0.09643
2018Q2,srv0322__L1,0.49243
2018Q2,trd0489__L0,0.01709
2018Q2,ord0355__L0,0.39837
2018Q2,trd0479__L1,0.1705
2018Q2,srv0029__L0,0.04711
2018Q2,srv0295__L2,0.366
2018Q2,srv0156__L1,0.45456
2018Q2,prd0433__L1,0.88403
2018Q2,prd0443__L1,0.30983
2018Q2,prd0435__L2,0.36192
2018Q2,msc0574__L2,0.41985
2018Q2,srv0320__L1,0.26322
2018Q2,cmd0528__L2,0.31097
2018Q2,srv0204__L0,0.11651
2018Q2,srv0103__L1,0.08241
2018Q2,srv0113__L0,0.29772
2018Q2,srv0210__L0,0.59094
2018Q2,srv0332__L0,0.82203
2018Q2,srv0074__L1,0.43826
2018Q2,srv0081__L2,0.19714
2018Q2,trd0472__L2,0.04454
2018Q2,srv0080__L1,0.05808
2018Q2,srv0046__L1,0.04944
2018Q2,srv0262__L2,0.91669
2018Q2,srv0171__L0,0.00126
2018Q2,srv0041__L0,0.25208
2018Q2,srv0335__L2,0.62124
2018Q2,srv0133__L1,0.29344
2018Q2,prd0431__L0,1.01019
2018Q2,trd0471__L1,0.24012
2018Q2,prd0419__L1,0.38546
2018Q2,srv0112__L2,2e-05
2018Q2,srv0127__L0,0.38333
2018Q2,msc0585__L1,0.27351
2018Q2,srv0132__L1,0.39221
2018Q2,srv0202__L2,0.59708
2018Q2,msc0579__L1,0.51948
2018Q2,srv0108__L0,0.01483
2018Q2,srv0017__L1,0.21833
2018Q2,trd0464__L1,0.54973
2018Q2,srv0195__L2,0.48982
2018Q2,srv0125__L2,0.0135
2018Q2,srv0186__L0,0.34684
2018Q2,srv0102__L2,1.85127
2018Q2,prd0408__L2,0.47148
2018Q2,trd0483__L0,0.39415
2018Q2,srv0187__L2,0.96407
2018Q2,srv0198__L0,0.01869
2018Q3,srv0248__L2,0.27647
2018Q3,srv0015__L1,0.75143
2018Q3,srv0162__L1,0.27543
2018Q3,srv0292__L2,0.81345
2018Q3,ord0366__L1,0.57727
2018Q3,msc0568__L2,0.55462
2018Q3,srv0332__L0,1.22097
2018Q3,srv0324__L1,0.08558
2018Q3,srv0128__L0,0.03786
2018Q3,srv0154__L1,0.13276
2018Q3,srv0130__L2,0.43123
2018Q3,srv0081__L2,0.15541
2018Q3,srv0062__L1,0.02072
2018Q3,srv0108__L2,1.14154
2018Q3,srv0158__L2,0.51763
2018Q3,srv0017__L0,0.23949
2018Q3,prd0443__L1,0.67677
2018Q3,cmd0521__L0,0.36427
2018Q3,ord0358__L2,0.61988
2018Q3,trd0472__L2,0.48511
2018Q3,trd0464__L2,0.55677
2018Q3,msc0582__L2,0.07588
2018Q3,cmd0515__L1,0.78867
2018Q3,srv0281__L0,1.14104
2018Q3,prd0435__L2,0.4743
2018Q3,srv0316__L0,0.23164
2018Q3,ord0347__L2,0.20669
2018Q3,prd0438__L1,0.26858
2018Q3,srv0135__L0,0.05961
2018Q3,srv0080__L2,0.80049
2018Q3,srv0143__L2,0.13176
2018Q3,srv0068__L2,0.34345
2018Q3,glb0557__L2,0.19923
2018Q3,srv0058__L1,0.1201
2018Q3,trd0478__L0,0.15457
2018Q3,srv0133__L2,0.15439
2018Q3,trd0476__L1,0.79058
2018Q3,trd0490__L1,0.54954
2018Q3,msc0579__L1,0.28625
2018Q3,srv0262__L1,0.23844
2018Q3,cmd0517__L2,1.84746
2018Q3,srv0236__L2,0.19085
2018Q3,prc0511__L1,0.78686
2018Q3,srv0046__L2,1.66762
2018Q3,srv0029__L0,0.19914
2018Q3,srv0028__L1,0.15738
2018Q3,srv0295__L1,0.26334
2018Q3,fin0534__L1,0.32198
2018Q3,ord0340__L0,0.30441
2018Q3,con0446__L0,0.11544
2018Q3,ord0356__L2,0.75625
2018Q3,trn0379__L2,0.28751
2018Q3,srv0204__L0,0.79864
2018Q3,srv0103__L1,0.93053
2018Q3,srv0198__L2,0.30914
2018Q3,srv0054__L0,0.85609
2018Q3,srv0156__L2,1.54888
2018Q3,srv0082__L2,1.0505
2018Q3,srv0335__L0,0.11586
2018Q3,srv0187__L1,0.63278
2018Q4,prd0433__L0,0.85634
2018Q4,srv0062__L0,0.29229
2018Q4,srv0158__L2,0.53953
2018Q4,srv0102__L1,0.7707
2018Q4,srv0044__L0,0.42462
2018Q4,srv0138__L1,0.29127
2018Q4,srv0162__L1,0.4606
2018Q4,srv0262__L1,0.4835
2018Q4,prd0431__L2,0.66797
2018Q4,srv0041__L1,0.70545
2018Q4,srv0135__L1,0.27686
2018Q4,srv0195__L1,0.29304
2018Q4,srv0132__L2,0.40356
2018Q4,trd0464__L0,0.21618
2018Q4,srv0103__L1,0.00275
2018Q4,trd0478__L1,0.9751
2018Q4,srv0176__L0,1.01994
2018Q4,srv0332__L2,1.56378
2018Q4,srv0104__L0,0.79287
2018Q4,srv0198__L0,0.3988
2018Q4,srv0324__L1,0.36718
2018Q4,srv0320__L1,0.36513
2018Q4,srv0316__L1,0.10111
2018Q4,ord0340__L2,1.4872
2018Q4,srv0108__L1,0.13942
2018Q4,srv0122__L0,0.13357
2018Q4,srv0058__L2,0.4243
2018Q4,srv0082__L0,0.83888
2018Q4,srv0292__L2,0.84608
2018Q4,glb0557__L1,1.40188
2018Q4,ord0347__L0,0.87774
2018Q4,msc0579__L1,0.0234
2018Q4,prd0443__L1,1.21333
2018Q4,ord0366__L1,0.63059
2018Q4,trd0479__L0,0.02284
2018Q4,srv0143__L1,0.0599
2018Q4,srv0049__L1,0.18591
2018Q4,srv0212__L1,0.45979
2018Q4,srv0210__L2,1.11265
2018Q4,srv0011__L2,0.30008
2018Q4,srv0017__L2,0.20837
2018Q4,srv0046__L2,0.70613
2018Q4,trn0376__L1,0.70326
2018Q4,srv0128__L1,0.03268
2018Q4,srv0337__L0,0.49686
2018Q4,srv0028__L1,0.0273
2018Q4,srv0117__L1,0.08145
2018Q4,srv0029__L0,0.04535
2018Q4,srv0092__L1,0.04617
2018Q4,ord0355__L0,0.4727
2018Q4,trd0483__L1,0.13248
2018Q4,trd0476__L1,0.27571
2018Q4,srv0068__L2,0.12715
2018Q4,srv0059__L2,0.02956
2018Q4,srv0304__L1,0.303
2018Q4,srv0038__L2,0.04068
2018Q4,msc0574__L2,0.02525
2018Q4,con0453__L1,1.65708
2018Q4,srv0204__L0,0.07791
2018Q4,srv0171__L0,0.17809
2019Q1,srv0236__L2,0.17815
2019Q1,prd0438__L2,0.62
2019Q1,srv0252__L1,0.69279
2019Q1,srv0049__L2,1.18632
2019Q1,prc0511__L0,0.40307
2019Q1,msc0579__L1,0.7039
2019Q1,srv0204__L2,0.62153
2019Q1,trd0464__L2,0.24236
2019Q1,srv0158__L0,0.69641
2019Q1,msc0585__L0,0.288
2019Q1,prd0435__L0,0.33777
2019Q1,srv0160__L2,0.37821
2019Q1,srv0143__L0,1.92618
2019Q1,ord0355__L0,0.54325
2019Q1,srv0080__L0,0.07453
2019Q1,ord0362__L1,0.36746
2019Q1,srv0135__L2,0.83734
2019Q1,trd0483__L2,0.46968
2019Q1,srv0171__L1,0.29745
2019Q1,srv0281__L2,0.12154
2019Q1,prd0419__L0,0.42172
2019Q1,trd0478__L0,0.0485
2019Q1,srv0262__L0,0.68661
2019Q1,srv0176__L1,0.0169
2019Q1,srv0112__L2,0.21697
2019Q1,con0446__L1,0.92882
2019Q1,srv0017__L0,0.08303
2019Q1,srv0332__L1,0.18961
2019Q1,trd0476__L0,0.3238
2019Q1,con0453__L2,0.69008
2019Q1,trn0376__L2,0.1135
2019Q1,srv0029__L2,0.00256
2019Q1,srv0322__L1,0.13437
2019Q1,ord0353__L0,0.01124
2019Q1,srv0128__L2,0.02339
2019Q1,srv0125__L0,0.00186
2019Q1,msc0568__L1,0.65887
2019Q1,trd0479__L1,0.37046
2019Q1,srv0011__L1,0.20944
2019Q1,srv0104__L0,0.24617
2019Q1,srv0108__L2,0.17678
2019Q1,srv0295__L2,0.73408
2019Q1,srv0212__L0,0.21731
2019Q1,srv0198__L2,1.13669
2019Q1,srv0113__L0,0.33933
2019Q1,cmd0528__L1,0.22302
2019Q1,srv0189__L1,0.15945
2019Q1,srv0304__L0,0.32955
2019Q1,srv0305__L2,0.09303
2019Q1,srv0186__L2,0.8423
2019Q1,srv0054__L0,0.45116
2019Q1,srv0154__L1,2.10947
2019Q1,srv0248__L2,0.22797
2019Q1,srv0081__L0,0.07867
2019Q1,cmd0521__L1,0.54056
2019Q1,srv0058__L1,0.55451
2019Q1,srv0117__L1,0.33484
2019Q1,srv0132__L2,0.05927
2019Q1,srv0059__L1,0.18431
2019Q1,ord0347__L2,0.53256
2019Q2,trn0376__L2,0.05629
2019Q2,srv0046__L2,0.49606
2019Q2,msc0583__L0,0.29589
2019Q2,srv0104__L0,0.17437
2019Q2,trd0464__L2,0.16792
2019Q2,srv0080__L1,0.48594
2019Q2,srv0154__L2,1.52973
2019Q2,srv0207__L0,0.22085
2019Q2,srv0054__L2,0.10044
2019Q2,srv0189__L1,0.65573
2019Q2,msc0582__L0,0.06943
2019Q2,srv0113__L1,0.14423
2019Q2,srv0204__L1,0.06796
2019Q2,srv0322__L2,2.05938
2019Q2,srv0044__L1,0.27863
2019Q2,prd0431__L0,0.14265
2019Q2,srv0029__L1,0.23145
2019Q2,srv0081__L0,1.04554
2019Q2,ord0347__L0,0.6711
2019Q2,srv0017__L0,0.05372
2019Q2,srv0059__L1,0.0127
2019Q2,trd0478__L0,1.04859
2019Q2,srv0158__L0,0.24805
2019Q2,ord0358__L1,0.13547
2019Q2,con0453__L1,0.09289
2019Q2,srv0092__L2,0.45914
2019Q2,srv0236__L0,0.00346
2019Q2,ord0356__L1,1.55891
2019Q2,srv0324__L1,0.4704
2019Q2,srv0135__L0,0.47888
2019Q2,srv0176__L0,0.127
2019Q2,srv0038__L0,0.01171
2019Q2,srv0112__L0,0.26478
2019Q2,srv0062__L1,0.92547
2019Q2,con0446__L2,0.11471
2019Q2,srv0248__L2,0.45637
2019Q2,trd0483__L2,0.11744
2019Q2,srv0127__L0,0.33152
2019Q2,srv0102__L1,1.07501
2019Q2,trn0393__L2,0.67232
2019Q2,srv0332__L0,0.28601
2019Q2,srv0132__L2,0.74865
2019Q2,cmd0521__L2,0.14144
2019Q2,srv0304__L2,0.57226
2019Q2,srv0292__L0,0.20379
2019Q2,ord0353__L1,0.84603
2019Q2,srv0162__L0,0.16965
2019Q2,srv0143__L2,0.00863
2019Q2,ord0366__L1,0.10499
2019Q2,srv0210__L2,2.02768
2019Q2,srv0156__L0,0.22796
2019Q2,srv0049__L2,0.25686
2019Q2,prd0435__L0,0.05817
2019Q2,cmd0517__L2,1.23542
2019Q2,trn0385__L0,0.03647
2019Q2,srv0202__L2,1.23257
2019Q2,srv0138__L2,0.20855
2019Q2,fin0534__L0,0.32849
2019Q2,trd0476__L2,0.21174
2019Q2,srv0320__L1,0.17062
2019Q3,srv0138__L0,0.04464
2019Q3,srv0324__L0,2.22172
2019Q3,cmd0517__L2,0.0749
2019Q3,srv0189__L2,0.06278
2019Q3,srv0202__L2,0.04525
2019Q3,con0446__L1,0.54101
2019Q3,srv0017__L0,0.501
2019Q3,srv0062__L0,0.32198
2019Q3,trd0464__L2,0.40042
2019Q3,srv0332__L2,0.00705
2019Q3,cmd0515__L2,0.77953
2019Q3,trd0478__L0,1.63376
2019Q3,srv0248__L2,2.41991
2019Q3,srv0316__L0,0.15166
2019Q3,srv0125__L2,0.63741
2019Q3,srv0102__L1,2.28678
2019Q3,msc0574__L1,0.63626
2019Q3,srv0292__L2,0.5236
2019Q3,prd0408__L0,0.19271
2019Q3,trd0483__L2,0.35544
2019Q3,trd0472__L2,1.32592
2019Q3,srv0320__L1,1.96588
2019Q3,srv0305__L0,0.21395
2019Q3,cmd0528__L2,0.78399
2019Q3,srv0041__L1,0.73158
2019Q3,srv0295__L2,0.90363
2019Q3,srv0082__L0,0.13644
2019Q3,srv0337__L0,0.14912
2019Q3,ord0358__L2,0.28075
2019Q3,srv0108__L0,0.05873
2019Q3,srv0156__L0,0.30406
2019Q3,ord0340__L1,0.36371
2019Q3,srv0281__L2,0.68845
2019Q3,srv0092__L2,0.40612
2019Q3,srv0187__L2,0.9144
2019Q3,srv0335__L1,0.36614
2019Q3,srv0028__L1,0.04609
2019Q3,srv0128__L0,0.41542
2019Q3,srv0154__L0,0.04664
2019Q3,srv0212__L0,0.52357
2019Q3,srv0207__L0,1.45998
2019Q3,cmd0522__L0,0.1169
2019Q3,glb0560__L2,0.27301
2019Q3,con0453__L1,0.03434
2019Q3,srv0198__L2,0.60302
2019Q3,srv0171__L2,0.42025
2019Q3,srv0068__L0,0.50937
2019Q3,ord0356__L2,0.48143
2019Q3,prd0431__L0,0.29009
2019Q3,srv0015__L2,0.86802
2019Q3,trd0479__L0,1.10674
2019Q3,srv0038__L1,1.0045
2019Q3,srv0044__L2,0.45216
2019Q3,srv0236__L1,0.09826
2019Q3,ord0362__L2,0.51225
2019Q3,srv0081__L1,0.26137
2019Q3,srv0049__L2,0.22748
2019Q3,srv0176__L0,0.58764
2019Q3,srv0143__L1,0.84918
2019Q3,srv0133__L0,1.63312
2019Q4,srv0104__L0,0.6948
2019Q4,msc0579__L0,1.31364
2019Q4,srv0176__L2,0.02935
2019Q4,msc0574__L1,0.08098
2019Q4,prd0413__L2,0.85948
2019Q4,ord0366__L1,0.16228
2019Q4,srv0133__L1,0.57867
2019Q4,ord0340__L0,0.49282
2019Q4,prd0438__L1,0.10547
2019Q4,srv0028__L0,0.08237
2019Q4,srv0011__L0,0.34045
2019Q4,srv0041__L0,0.79968
2019Q4,srv0017__L0,1.16851
2019Q4,srv0198__L0,0.79483
2019Q4,cmd0521__L2,0.05039
2019Q4,trd0476__L2,0.38987
2019Q4,prd0435__L2,0.04943
2019Q4,srv0189__L0,0.77788
2019Q4,trn0379__L1,0.11522
2019Q4,srv0117__L2,1.01896
2019Q4,srv0122__L0,0.30865
2019Q4,srv0207__L1,0.1535
2019Q4,srv0044__L1,0.34674
2019Q4,con0446__L0,0.4144
2019Q4,srv0092__L1,0.26576
2019Q4,srv0337__L2,0.11035
2019Q4,srv0262__L0,0.15715
2019Q4,trn0385__L1,0.6952
2019Q4,srv0082__L1,0.60458
2019Q4,glb0560__L2,0.04442
2019Q4,srv0132__L0,0.20851
2019Q4,srv0046__L1,0.418
2019Q4,srv0058__L2,0.03374
2019Q4,ord0358__L1,0.13176
2019Q4,srv0068__L0,0.20698
2019Q4,srv0102__L0,0.41375
2019Q4,srv0236__L2,0.18401
2019Q4,srv0304__L0,0.41571
2019Q4,srv0038__L0,0.3174
2019Q4,cmd0522__L2,0.02542
2019Q4,srv0248__L0,0.09351
2019Q4,srv0029__L0,0.13943
2019Q4,ord0355__L2,0.04128
2019Q4,prc0511__L1,0.82324
2019Q4,srv0316__L2,0.04425
2019Q4,srv0127__L2,0.08846
2019Q4,srv0130__L2,0.27814
2019Q4,srv0138__L1,0.76924
2019Q4,srv0292__L2,0.13526
2019Q4,srv0204__L2,0.01121
2019Q4,trd0471__L0,0.55055
2019Q4,srv0171__L0,0.33127
2019Q4,srv0210__L0,0.62631
2019Q4,fin0534__L2,0.78275
2019Q4,srv0324__L2,1.10174
2019Q4,srv0195__L0,0.01452
2019Q4,srv0154__L0,0.16144
2019Q4,srv0062__L2,0.23787
2019Q4,srv0081__L1,0.2592
2019Q4,ord0356__L2,1.01824
2020Q1,srv0081__L1,0.20134
2020Q1,srv0112__L0,0.59659
2020Q1,srv0176__L0,0.07876
2020Q1,ord0355__L1,1.27799
2020Q1,prd0433__L1,0.11999
2020Q1,srv0324__L1,1.1412
2020Q1,srv0029__L0,0.62331
2020Q1,srv0204__L1,0.01568
2020Q1,srv0044__L0,0.52251
2020Q1,trn0385__L0,0.2681
2020Q1,ord0366__L2,0.59747
2020Q1,srv0160__L1,0.85861
2020Q1,srv0162__L1,0.27258
2020Q1,trd0476__L2,0.47229
2020Q1,prd0426__L1,0.27682
2020Q1,prd0431__L0,0.1066
2020Q1,srv0332__L1,0.59421
2020Q1,srv0104__L2,0.40467
2020Q1,srv0195__L1,2.48443
2020Q1,srv0011__L0,0.16648
2020Q1,srv0138__L1,1.12428
2020Q1,srv0028__L0,0.02696
2020Q1,ord0358__L0,0.00526
2020Q1,ord0353__L0,0.10053
2020Q1,srv0210__L1,0.26663
2020Q1,srv0122__L0,0.19063
2020Q1,srv0337__L0,0.11637
2020Q1,srv0320__L2,0.01077
2020Q1,fin0534__L2,0.0412
2020Q1,srv0154__L0,0.6144
2020Q1,trd0490__L2,1.83348
2020Q1,trn0376__L2,0.28046
2020Q1,srv0198__L2,2.16667
2020Q1,srv0158__L1,0.66019
2020Q1,srv0108__L1,0.02669
2020Q1,srv0135__L0,0.31899
2020Q1,trd0483__L0,1.45488
2020Q1,srv0304__L1,0.01007
2020Q1,srv0103__L1,0.84381
2020Q1,srv0015__L1,1.71747
2020Q1,srv0049__L2,0.11252
2020Q1,srv0252__L0,0.31757
2020Q1,srv0335__L1,0.51268
2020Q1,trd0471__L0,0.98788
2020Q1,srv0038__L2,0.51687
2020Q1,srv0113__L1,0.27319
2020Q1,con0453__L2,0.38072
2020Q1,srv0295__L0,0.0767
2020Q1,prd0438__L1,0.35231
2020Q1,srv0156__L2,0.42953
2020Q1,srv0292__L1,0.00684
2020Q1,prd0419__L1,0.18555
2020Q1,srv0305__L2,0.10207
2020Q1,msc0583__L0,0.08486
2020Q1,ord0362__L2,0.46156
2020Q1,msc0574__L2,2.06492
2020Q1,srv0102__L2,0.08715
2020Q1,srv0127__L0,0.55384
2020Q1,srv0068__L1,0.05797
2020Q1,srv0074__L2,0.22431
2020Q2,msc0583__L1,0.05596
2020Q2,srv0128__L2,0.03814
2020Q2,srv0316__L2,0.25116
2020Q2,srv0162__L2,0.48676
2020Q2,srv0044__L2,0.36706
2020Q2,cmd0515__L2,0.06278
2020Q2,srv0038__L1,1.00539
2020Q2,srv0189__L1,0.77839
2020Q2,srv0068__L1,0.86664
2020Q2,srv0176__L1,0.8278
2020Q2,srv0041__L0,0.21559
2020Q2,srv0117__L1,0.21439
2020Q2,cmd0517__L0,0.08948
2020Q2,srv0160__L0,0.20634
2020Q2,msc0574__L2,0.13771
2020Q2,srv0324__L0,0.41409
2020Q2,msc0579__L0,0.79918
2020Q2,trd0464__L1,0.45331
2020Q2,srv0058__L0,0.06673
2020Q2,srv0135__L0,0.35115
2020Q2,srv0011__L1,0.15191
2020Q2,fin0534__L0,0.09733
2020Q2,srv0198__L0,0.06438
2020Q2,srv0292__L2,0.2293
2020Q2,glb0560__L1,0.53178
2020Q2,srv0104__L1,0.09389
2020Q2,trd0489__L2,0.55235
2020Q2,prd0431__L2,0.56355
2020Q2,cmd0521__L1,0.00512
2020Q2,ord0362__L0,0.86819
2020Q2,trd0467__L1,0.18182
2020Q2,srv0103__L2,0.76878
2020Q2,msc0585__L1,0.59444
2020Q2,srv0154__L2,0.60623
2020Q2,ord0366__L1,0.01415
2020Q2,srv0171__L2,0.02789
2020Q2,srv0335__L2,0.36735
2020Q2,srv0082__L1,1.93528
2020Q2,prd0426__L0,0.63796
2020Q2,srv0305__L0,0.32623
2020Q2,prd0443__L0,0.90008
2020Q2,trd0476__L1,0.38751
2020Q2,srv0236__L1,0.06964
2020Q2,msc0568__L1,0.57374
2020Q2,glb0557__L1,0.44619
2020Q2,ord0353__L2,0.33724
2020Q2,ord0355__L1,0.71312
2020Q2,srv0281__L2,0.55733
2020Q2,srv0187__L0,0.68878
2020Q2,srv0248__L2,0.10444
2020Q2,srv0125__L0,0.08977
2020Q2,srv0081__L0,0.10688
2020Q2,srv0132__L2,0.33232
2020Q2,srv0074__L0,0.2175
2020Q2,srv0029__L2,0.78421
2020Q2,srv0143__L2,0.09916
2020Q2,trn0379__L0,0.00925
2020Q2,srv0262__L0,0.54008
2020Q2,srv0015__L1,0.31167
2020Q2,srv0122__L0,0.16608
2020Q3,srv0122__L2,0.68908
2020Q3,srv0074__L0,0.37038
2020Q3,srv0158__L2,0.16319
2020Q3,srv0335__L1,0.87215
2020Q3,prd0419__L1,0.46779
2020Q3,prd0426__L0,0.29857
2020Q3,trd0490__L2,0.1055
2020Q3,con0453__L1,1.70066
2020Q3,srv0305__L1,1.15367
2020Q3,srv0204__L0,0.53398
2020Q3,srv0068__L2,0.00492
2020Q3,trd0478__L1,1.09606
2020Q3,srv0236__L1,1.15526
2020Q3,srv0080__L1,0.10372
2020Q3,ord0340__L1,0.06427
2020Q3,srv0128__L1,0.67003
2020Q3,srv0292__L0,0.17382
2020Q3,srv0143__L2,0.73671
2020Q3,srv0295__L0,0.06658
2020Q3,trd0476__L0,0.67424
2020Q3,cmd0522__L0,0.73542
2020Q3,msc0574__L1,0.94778
2020Q3,srv0038__L1,0.06584
2020Q3,srv0132__L0,0.2522
2020Q3,srv0015__L0,0.00068
2020Q3,glb0560__L0,1.1978
2020Q3,srv0127__L2,0.6857
2020Q3,trn0376__L1,0.25708
2020Q3,glb0557__L2,0.31979
2020Q3,srv0104__L0,0.08091
2020Q3,srv0195__L0,0.44203
2020Q3,trd0479__L0,1.49436
2020Q3,srv0082__L1,0.85345
2020Q3,srv0207__L2,1.68185
2020Q3,ord0362__L0,0.05442
2020Q3,trn0379__L2,0.22486
2020Q3,prd0438__L0,0.40793
2020Q3,trd0483__L2,0.03927
2020Q3,fin0534__L2,0.2213
2020Q3,prd0413__L2,0.13617
2020Q3,srv0058__L0,0.00981
2020Q3,trd0471__L1,0.00648
2020Q3,srv0029__L0,1.78616
2020Q3,ord0366__L1,0.62082
2020Q3,srv0102__L0,0.91451
2020Q3,prd0443__L0,0.55945
2020Q3,srv0262__L0,0.59998
2020Q3,srv0202__L0,0.99114
2020Q3,trd0467__L1,0.29403
2020Q3,trd0464__L2,1.44236
2020Q3,srv0081__L1,0.03892
2020Q3,msc0582__L2,0.53948
2020Q3,ord0358__L0,0.67257
2020Q3,srv0320__L2,0.6895
2020Q3,srv0117__L2,0.04406
2020Q3,srv0252__L2,0.23242
2020Q3,ord0355__L2,0.6871
2020Q3,srv0210__L1,0.1532
2020Q3,srv0108__L0,0.45768
2020Q3,srv0028__L0,0.07449
2020Q4,srv0131__L0,0.1285
2020Q4,prd0408__L0,0.32337
2020Q4,srv0059__L1,0.26718
2020Q4,trn0393__L0,0.52208
2020Q4,cmd0522__L1,0.57311
2020Q4,srv0292__L0,0.5492
2020Q4,srv0082__L0,0.32786
2020Q4,srv0017__L1,0.41617
2020Q4,srv0015__L0,0.62902
2020Q4,srv0171__L1,0.39299
2020Q4,srv0322__L0,0.53129
2020Q4,glb0557__L1,0.19093
2020Q4,srv0028__L1,0.36219
2020Q4,srv0038__L1,0.12244
2020Q4,srv0112__L0,0.46808
2020Q4,con0446__L1,0.72351
2020Q4,srv0049__L2,0.51099
2020Q4,trd0479__L2,1.45697
2020Q4,trd0472__L0,0.75101
2020Q4,srv0212__L1,0.9136
2020Q4,prd0433__L0,0.27898
2020Q4,srv0281__L1,0.13978
2020Q4,srv0319__L1,0.97963
2020Q4,trn0385__L0,0.65214
2020Q4,srv0332__L1,0.50335
2020Q4,ord0362__L1,0.11779
2020Q4,ord0340__L2,0.56672
2020Q4,con0453__L0,0.5557
2020Q4,srv0103__L2,0.4553
2020Q4,msc0582__L0,1.2044
2020Q4,srv0186__L1,0.36325
2020Q4,srv0138__L1,0.37436
2020Q4,fin0534__L1,0.4326
2020Q4,trn0379__L0,1.11401
2020Q4,trd0464__L1,0.89616
2020Q4,srv0187__L0,0.31728
2020Q4,trd0478__L0,0.08149
2020Q4,srv0080__L0,0.45798
2020Q4,srv0335__L2,0.02318
2020Q4,srv0295__L1,0.7167
2020Q4,srv0135__L1,0.92116
2020Q4,glb0560__L0,0.76739
2020Q4,prd0426__L1,0.67493
2020Q4,srv0262__L2,0.02495
2020Q4,prd0443__L1,0.36789
2020Q4,srv0058__L1,0.09193
2020Q4,srv0011__L2,0.15046
2020Q4,srv0154__L0,0.4485
2020Q4,msc0583__L1,0.11085
2020Q4,srv0102__L1,0.07728
2020Q4,trd0476__L0,0.55505
2020Q4,srv0337__L0,0.80633
2020Q4,cmd0521__L0,0.36765
2020Q4,srv0304__L1,0.19358
2020Q4,trd0467__L0,0.34871
2020Q4,srv0252__L0,1.00446
2020Q4,srv0046__L2,0.21985
2020Q4,srv0125__L0,1.29689
2020Q4,trd0471__L2,0.08848
2020Q4,prd0431__L1,0.14171
2021Q1,srv0305__L1,0.89763
2021Q1,trn0376__L1,1.67092
2021Q1,srv0292__L1,0.72658
2021Q1,srv0187__L1,0.03512
2021Q1,srv0044__L0,1.4523
2021Q1,trd0490__L1,0.16365
2021Q1,prd0413__L0,0.79086
2021Q1,srv0068__L0,0.38084
2021Q1,trd0464__L1,2.35461
2021Q1,srv0108__L2,1.57867
2021Q1,prd0435__L0,0.55675
2021Q1,trd0471__L2,0.16371
2021Q1,srv0112__L0,0.05157
2021Q1,cmd0528__L1,0.40095
2021Q1,msc0585__L1,0.58021
2021Q1,srv0138__L2,0.2756
2021Q1,srv0046__L2,0.11567
2021Q1,prd0426__L2,0.18582
2021Q1,srv0054__L2,0.00307
2021Q1,srv0125__L2,0.5943
2021Q1,trd0467__L0,0.36844
2021Q1,srv0248__L0,0.0014
2021Q1,cmd0522__L2,1.75747
2021Q1,srv0202__L1,0.18612
2021Q1,srv0304__L2,1.28421
2021Q1,srv0130__L0,0.28957
2021Q1,srv0337__L1,0.15979
2021Q1,prd0438__L2,0.15776
2021Q1,msc0582__L1,0.1627
2021Q1,msc0583__L0,0.18592
2021Q1,srv0117__L0,0.31171
2021Q1,srv0058__L2,1.9372
2021Q1,srv0162__L0,0.13634
2021Q1,ord0356__L1,0.14869
2021Q1,srv0143__L0,0.7897
2021Q1,prd0419__L0,0.27583
2021Q1,ord0358__L0,2.13858
2021Q1,srv0332__L1,2.11974
2021Q1,srv0195__L2,0.02429
2021Q1,srv0103__L1,0.0354
2021Q1,srv0080__L1,0.96163
2021Q1,srv0113__L1,1.07774
2021Q1,con0446__L1,1.73803
2021Q1,con0453__L1,0.54564
2021Q1,trd0476__L0,0.09038
2021Q1,srv0059__L2,0.03653
2021Q1,cmd0517__L0,1.14706
2021Q1,srv0081__L1,0.24179
2021Q1,cmd0521__L2,0.27118
2021Q1,msc0568__L1,0.05119
2021Q1,srv0015__L1,2.0234
2021Q1,prd0408__L2,0.28585
2021Q1,srv0316__L1,1.91922
2021Q1,msc0574__L2,0.32091
2021Q1,srv0029__L0,0.16918
2021Q1,glb0557__L0,0.49574
2021Q1,prd0443__L1,0.06138
2021Q1,srv0189__L0,0.21023
2021Q1,srv0038__L1,0.20236
2021Q1,srv0128__L1,1.87981
2021Q2,srv0125__L1,1.73427
2021Q2,glb0557__L1,0.18419
2021Q2,srv0204__L1,0.48176
2021Q2,prd0419__L1,0.02175
2021Q2,srv0068__L2,0.52169
2021Q2,ord0340__L2,0.04076
2021Q2,con0446__L1,0.00717
2021Q2,trd0476__L0,1.73014
2021Q2,srv0292__L1,0.2772
2021Q2,srv0133__L0,0.07942
2021Q2,srv0304__L2,0.53203
2021Q2,cmd0521__L2,0.41319
2021Q2,srv0176__L0,1.05919
2021Q2,cmd0528__L0,0.50305
2021Q2,srv0038__L0,0.89679
2021Q2,msc0582__L1,1.52907
2021Q2,ord0358__L0,0.43928
2021Q2,srv0059__L1,1.12642
2021Q2,ord0356__L1,0.26461
2021Q2,srv0062__L0,0.05441
2021Q2,trd0483__L0,0.26684
2021Q2,srv0316__L1,0.07074
2021Q2,srv0113__L1,0.16341
2021Q2,prd0413__L0,0.33368
2021Q2,msc0583__L2,0.03874
2021Q2,srv0112__L0,0.01053
2021Q2,cmd0517__L2,0.69072
2021Q2,ord0366__L0,1.04372
2021Q2,srv0130__L2,0.3085
2021Q2,srv0295__L2,0.6852
2021Q2,trn0379__L1,0.33916
2021Q2,trn0385__L2,0.09425
2021Q2,srv0189__L0,0.13338
2021Q2,srv0198__L2,0.20376
2021Q2,srv0135__L2,0.12059
2021Q2,srv0104__L0,0.38953
2021Q2,srv0049__L0,0.06128
2021Q2,msc0568__L2,0.26393
2021Q2,srv0082__L1,0.33196
2021Q2,srv0108__L2,2.64922
2021Q2,srv0236__L0,0.02987
2021Q2,srv0171__L0,0.39458
2021Q2,ord0362__L0,0.4583
2021Q2,srv0156__L2,0.26498
2021Q2,prd0426__L2,0.38707
2021Q2,srv0015__L1,1.46244
2021Q2,srv0160__L1,0.41468
2021Q2,srv0337__L2,0.4218
2021Q2,prc0511__L1,0.12121
2021Q2,srv0154__L1,0.94548
2021Q2,srv0322__L0,0.54971
2021Q2,srv0044__L1,0.15912
2021Q2,prd0433__L2,0.73591
2021Q2,srv0262__L1,0.62599
2021Q2,srv0054__L2,0.09371
2021Q2,srv0202__L0,0.56328
2021Q2,trd0471__L1,0.14869
2021Q2,srv0128__L1,0.15101
2021Q2,trn0376__L1,1.88038
2021Q2,cmd0515__L0,1.1867
2021Q3,srv0252__L1,0.40192
2021Q3,prd0431__L0,0.10432
2021Q3,trd0476__L1,1.03808
2021Q3,prd0413__L2,1.34275
2021Q3,srv0135__L2,0.45329
2021Q3,srv0038__L1,0.16465
2021Q3,srv0324__L1,0.01102
2021Q3,prc0511__L2,0.21826
2021Q3,srv0132__L1,0.17466
2021Q3,cmd0522__L1,1.11964
2021Q3,msc0574__L1,0.16432
2021Q3,srv0029__L2,0.10605
2021Q3,trn0393__L0,0.21891
2021Q3,srv0041__L2,1.16946
2021Q3,srv0104__L1,0.36701
2021Q3,trd0483__L2,0.47914
2021Q3,srv0044__L0,0.33127
2021Q3,msc0579__L0,0.53551
2021Q3,trn0376__L2,0.49095
2021Q3,srv0117__L2,0.22597
2021Q3,trn0379__L2,0.09311
2021Q3,cmd0521__L0,0.4949
2021Q3,ord0347__L1,0.00643
2021Q3,srv0125__L2,0.79207
2021Q3,srv0143__L0,0.25003
2021Q3,srv0212__L1,0.15693
2021Q3,srv0337__L1,0.1251
2021Q3,srv0112__L1,0.53997
2021Q3,srv0046__L2,0.03522
2021Q3,prd0435__L2,0.41732
2021Q3,glb0557__L0,1.04511
2021Q3,srv0133__L2,1.0709
2021Q3,srv0049__L1,0.09455
2021Q3,srv0074__L2,0.60693
2021Q3,trd0490__L1,0.23776
2021Q3,msc0582__L2,0.06935
2021Q3,prd0408__L1,0.11381
2021Q3,srv0058__L1,0.7113
2021Q3,srv0202__L1,0.23005
2021Q3,srv0305__L0,1.76801
2021Q3,cmd0528__L2,0.09073
2021Q3,srv0295__L2,0.31674
2021Q3,ord0366__L1,0.54953
2021Q3,srv0092__L1,1.17221
2021Q3,srv0113__L2,0.52597
2021Q3,msc0585__L0,0.13939
2021Q3,srv0054__L0,0.7497
2021Q3,srv0281__L0,1.16847
2021Q3,srv0156__L2,0.13557
2021Q3,srv0236__L2,0.06227
2021Q3,srv0158__L0,0.09936
2021Q3,srv0171__L1,0.63176
2021Q3,srv0207__L2,0.29901
2021Q3,srv0028__L1,0.04736
2021Q3,srv0059__L2,0.76022
2021Q3,prd0419__L2,0.57827
2021Q3,srv0011__L1,0.32306
2021Q3,msc0583__L2,0.61278
2021Q3,trd0479__L1,0.37705
2021Q3,srv0248__L0,0.00514
2021Q4,glb0557__L1,0.87188
2021Q4,prd0426__L1,0.31165
2021Q4,ord0358__L1,0.29635
2021Q4,srv0127__L2,1.02337
2021Q4,srv0320__L1,0.93055
2021Q4,srv0054__L2,0.68295
2021Q4,srv0281__L1,0.57325
2021Q4,srv0058__L0,0.434
2021Q4,msc0579__L1,0.15756
2021Q4,srv0189__L0,0.38626
2021Q4,trd0490__L0,1.10349
2021Q4,srv0112__L1,0.32466
2021Q4,srv0130__L2,0.02576
2021Q4,srv0195__L2,0.08302
2021Q4,prd0435__L2,0.46196
2021Q4,srv0028__L0,2.06154
2021Q4,trd0489__L2,0.02716
2021Q4,trn0379__L1,0.97201
2021Q4,srv0143__L0,0.09477
2021Q4,srv0198__L0,0.1947
2021Q4,srv0187__L2,0.20775
2021Q4,prd0431__L2,0.81766
2021Q4,cmd0522__L0,0.0271
2021Q4,srv0125__L0,0.43928
2021Q4,srv0202__L0,0.0811
2021Q4,srv0059__L1,0.09204
2021Q4,ord0347__L2,0.40584
2021Q4,srv0305__L2,0.02629
2021Q4,srv0160__L2,0.42717
2021Q4,prc0511__L0,0.28592
2021Q4,srv0248__L2,1.96059
2021Q4,glb0560__L1,0.41863
2021Q4,trd0476__L2,0.76208
2021Q4,prd0443__L2,1.40952
2021Q4,prd0419__L2,0.36444
2021Q4,srv0092__L0,0.22102
2021Q4,srv0041__L2,1.04605
2021Q4,srv0337__L1,0.29169
2021Q4,prd0413__L2,0.88904
2021Q4,fin0534__L1,0.36759
2021Q4,srv0133__L2,0.03191
2021Q4,ord0353__L1,0.64974
2021Q4,srv0038__L1,0.18443
2021Q4,ord0366__L2,0.00297
2021Q4,srv0132__L1,0.18061
2021Q4,trd0479__L0,0.6809
2021Q4,srv0117__L0,0.39267
2021Q4,trd0472__L2,0.21139
2021Q4,srv0324__L0,0.08845
2021Q4,cmd0515__L0,1.49879
2021Q4,srv0080__L0,0.05646
2021Q4,srv0171__L2,0.48565
2021Q4,trd0478__L0,0.3184
2021Q4,srv0186__L0,0.10935
2021Q4,ord0355__L1,0.30025
2021Q4,srv0332__L0,0.1399
2021Q4,prd0438__L2,0.15701
2021Q4,srv0128__L0,0.05204
2021Q4,trn0385__L2,0.55659
2021Q4,cmd0528__L2,0.53497
2022Q1,trd0489__L2,0.2018
2022Q1,cmd0521__L0,0.15489
2022Q1,srv0127__L0,0.13811
2022Q1,srv0059__L2,0.53452
2022Q1,srv0041__L2,0.58203
2022Q1,srv0189__L2,0.01821
2022Q1,srv0160__L0,0.56346
2022Q1,fin0534__L2,0.96707
2022Q1,srv0295__L2,0.16321
2022Q1,msc0568__L0,0.04689
2022Q1,srv0154__L1,0.03107
2022Q1,srv0117__L0,0.92514
2022Q1,ord0358__L1,0.29226
2022Q1,srv0132__L0,0.56417
2022Q1,srv0081__L0,0.93981
2022Q1,srv0122__L2,1.46028
2022Q1,trd0476__L0,0.06351
2022Q1,srv0248__L1,2.09592
2022Q1,trd0467__L0,0.23564
2022Q1,glb0560__L1,0.16921
2022Q1,ord0366__L2,0.05343
2022Q1,srv0322__L1,0.19488
2022Q1,srv0337__L2,1.06427
2022Q1,srv0176__L2,0.15108
2022Q1,srv0054__L2,0.28827
2022Q1,srv0324__L1,0.04468
2022Q1,srv0130__L0,0.56351
2022Q1,srv0187__L1,2.93293
2022Q1,srv0017__L0,0.19096
2022Q1,prd0438__L0,0.18102
2022Q1,srv0198__L2,0.02682
2022Q1,srv0332__L2,0.47003
2022Q1,srv0305__L0,1.81316
2022Q1,trn0379__L0,0.76605
2022Q1,cmd0522__L0,0.07198
2022Q1,prd0443__L1,0.76226
2022Q1,srv0202__L1,0.31908
2022Q1,msc0583__L2,0.58507
2022Q1,srv0102__L0,2.22372
2022Q1,con0446__L0,0.31259
2022Q1,srv0108__L1,0.60606
2022Q1,trd0483__L2,1.16949
2022Q1,srv0015__L2,0.80594
2022Q1,msc0574__L2,0.36414
2022Q1,srv0320__L0,0.09525
2022Q1,srv0125__L0,0.00812
2022Q1,ord0347__L0,0.08366
2022Q1,srv0316__L2,0.04144
2022Q1,srv0038__L1,1.12672
2022Q1,srv0171__L1,0.1777
2022Q1,trd0490__L0,0.67077
2022Q1,srv0186__L0,0.97862
2022Q1,srv0252__L0,0.218
2022Q1,prd0431__L2,0.02848
2022Q1,cmd0528__L2,0.08748
2022Q1,srv0028__L1,1.04892
2022Q1,srv0135__L2,0.03218
2022Q1,srv0074__L1,2.00367
2022Q1,trd0478__L1,0.55213
2022Q1,cmd0515__L1,0.26259
2022Q2,srv0028__L2,0.19828
2022Q2,msc0574__L1,0.0492
2022Q2,srv0160__L1,0.07814
2022Q2,glb0557__L2,0.97345
2022Q2,trd0471__L1,0.14017
2022Q2,srv0319__L2,0.4349
2022Q2,srv0133__L2,0.19671
2022Q2,msc0585__L0,1.14925
2022Q2,cmd0517__L1,0.37059
2022Q2,srv0304__L0,0.57493
2022Q2,srv0212__L1,0.03859
2022Q2,ord0353__L1,0.114
2022Q2,srv0236__L1,0.37433
2022Q2,prd0431__L1,0.31923
2022Q2,msc0583__L2,0.08032
2022Q2,srv0015__L0,1.8449
2022Q2,srv0041__L0,1.16445
2022Q2,srv0198__L2,0.05893
2022Q2,srv0335__L1,0.67329
2022Q2,srv0132__L2,1.40173
2022Q2,srv0011__L0,0.57216
2022Q2,srv0054__L0,0.54493
2022Q2,prd0438__L0,0.74358
2022Q2,prd0443__L0,0.0688
2022Q2,con0446__L0,0.00341
2022Q2,prd0433__L0,0.14091
2022Q2,msc0579__L0,0.92394
2022Q2,msc0568__L0,0.60319
2022Q2,srv0195__L2,0.63623
2022Q2,trd0476__L1,0.39835
2022Q2,trd0472__L0,0.49873
2022Q2,cmd0515__L2,0.02386
2022Q2,trn0376__L1,0.33767
2022Q2,trd0467__L1,0.48772
2022Q2,srv0187__L1,0.17631
2022Q2,srv0103__L2,0.10156
2022Q2,trn0379__L1,0.63132
2022Q2,glb0560__L2,0.5425
2022Q2,trn0385__L1,0.01557
2022Q2,ord0358__L0,1.57116
2022Q2,ord0355__L1,0.88109
2022Q2,srv0068__L2,1.83286
2022Q2,prd0408__L1,0.04791
2022Q2,prd0419__L1,0.3268
2022Q2,srv0074__L2,0.80047
2022Q2,prd0426__L0,0.6241
2022Q2,srv0122__L1,0.12936
2022Q2,srv0135__L0,0.8959
2022Q2,srv0252__L2,0.58229
2022Q2,prd0435__L0,0.21151
2022Q2,srv0322__L1,0.04504
2022Q2,ord0340__L2,0.1524
2022Q2,srv0131__L1,0.14347
2022Q2,srv0049__L2,0.367
2022Q2,srv0138__L0,1.31364
2022Q2,srv0281__L1,0.77281
2022Q2,trd0483__L0,0.39823
2022Q2,srv0080__L2,0.74777
2022Q2,srv0046__L2,0.12351
2022Q2,trd0464__L2,0.29634
2022Q3,srv0138__L2,0.83049
2022Q3,trd0479__L1,0.36726
2022Q3,srv0143__L0,0.62956
2022Q3,srv0198__L1,0.05702
2022Q3,srv0028__L0,0.11529
2022Q3,prd0433__L0,0.03395
2022Q3,srv0068__L0,1.66455
2022Q3,srv0133__L2,0.14699
2022Q3,srv0207__L2,0.15592
2022Q3,srv0236__L0,0.03219
2022Q3,trn0385__L1,0.11383
2022Q3,srv0195__L0,0.04475
2022Q3,srv0046__L1,0.20793
2022Q3,prd0443__L0,1.4797
2022Q3,srv0202__L0,0.02439
2022Q3,con0453__L1,0.0757
2022Q3,trn0376__L0,0.07602
2022Q3,srv0102__L2,0.5785
2022Q3,cmd0515__L0,0.24831
2022Q3,srv0304__L2,0.6076
2022Q3,srv0337__L1,0.91839
2022Q3,srv0187__L2,0.18511
2022Q3,srv0044__L1,0.15091
2022Q3,srv0128__L2,0.44322
2022Q3,ord0340__L1,0.95443
2022Q3,srv0113__L1,2.23119
2022Q3,ord0347__L1,0.25807
2022Q3,srv0322__L1,0.31379
2022Q3,srv0160__L0,1.0846
2022Q3,srv0320__L0,1.1207
2022Q3,glb0560__L2,0.00923
2022Q3,ord0366__L0,0.68615
2022Q3,srv0132__L0,0.49221
2022Q3,srv0029__L1,0.02883
2022Q3,srv0081__L1,0.72554
2022Q3,srv0332__L1,1.5306
2022Q3,srv0092__L1,0.35224
2022Q3,srv0176__L0,0.9579
2022Q3,prd0413__L1,0.61015
2022Q3,ord0356__L2,0.64395
2022Q3,srv0335__L2,0.04644
2022Q3,srv0210__L0,0.84445
2022Q3,srv0080__L2,0.20844
2022Q3,srv0295__L1,0.68535
2022Q3,srv0248__L1,0.32805
2022Q3,srv0292__L0,0.52675
2022Q3,prd0408__L2,0.47768
2022Q3,msc0583__L2,2.60645
2022Q3,srv0122__L1,0.25223
2022Q3,trd0476__L1,0.08654
2022Q3,prd0435__L0,2.77029
2022Q3,srv0125__L2,0.1882
2022Q3,srv0316__L1,0.123
2022Q3,trd0471__L0,0.41779
2022Q3,srv0127__L1,0.21883
2022Q3,srv0156__L0,0.12732
2022Q3,srv0062__L2,0.67877
2022Q3,msc0574__L2,0.01661
2022Q3,trd0490__L2,1.91929
2022Q3,trd0464__L0,0.07291
2022Q4,srv0082__L0,0.19084
2022Q4,srv0068__L0,0.02054
2022Q4,prd0443__L1,0.01707
2022Q4,srv0117__L0,0.2875
2022Q4,srv0062__L2,0.46474
2022Q4,prd0438__L1,0.23395
2022Q4,srv0138__L0,0.32892
2022Q4,srv0127__L1,0.25683
2022Q4,srv0332__L2,0.41305
2022Q4,srv0248__L1,2.69285
2022Q4,prd0413__L2,0.07755
2022Q4,msc0583__L2,0.33561
2022Q4,con0446__L0,0.59645
2022Q4,trd0489__L2,0.37027
2022Q4,srv0092__L1,0.68192
2022Q4,prd0426__L1,0.27052
2022Q4,srv0252__L2,0.40813
2022Q4,srv0054__L2,0.24902
2022Q4,srv0281__L0,1.01066
2022Q4,srv0029__L2,0.05792
2022Q4,trd0467__L0,0.01607
2022Q4,srv0171__L1,1.84661
2022Q4,srv0158__L1,0.49044
2022Q4,srv0292__L1,0.29091
2022Q4,srv0204__L0,0.33985
2022Q4,srv0207__L1,0.01565
2022Q4,srv0130__L0,1.23476
2022Q4,srv0113__L0,1.2609
2022Q4,srv0028__L1,0.77024
2022Q4,srv0049__L2,0.91671
2022Q4,srv0046__L2,0.62125
2022Q4,srv0044__L2,0.05719
2022Q4,srv0337__L2,0.04425
2022Q4,srv0324__L2,0.95652
2022Q4,cmd0521__L0,0.89472
2022Q4,srv0335__L1,0.11826
2022Q4,srv0074__L1,0.09012
2022Q4,msc0568__L1,0.02558
2022Q4,ord0358__L2,0.23634
2022Q4,srv0198__L0,0.05493
2022Q4,trd0479__L2,0.582
2022Q4,srv0104__L1,0.05533
2022Q4,srv0080__L0,0.90005
2022Q4,cmd0522__L1,0.82144
2022Q4,srv0202__L0,0.63124
2022Q4,srv0058__L1,1.17916
2022Q4,srv0176__L1,0.2985
2022Q4,srv0017__L2,0.91313
2022Q4,srv0305__L0,0.878
2022Q4,srv0319__L2,0.40571
2022Q4,srv0112__L1,0.46112
2022Q4,srv0103__L2,0.01001
2022Q4,msc0574__L0,0.30322
2022Q4,srv0210__L2,0.2613
2022Q4,srv0160__L1,0.23899
2022Q4,trd0464__L2,0.30555
2022Q4,srv0320__L1,0.04128
2022Q4,ord0353__L0,0.50533
2022Q4,srv0262__L0,0.0038
2022Q4,srv0131__L2,0.00295
2023Q1,srv0171__L1,0.22217
2023Q1,trd0483__L0,0.57948
2023Q1,srv0202__L2,1.14954
2023Q1,srv0262__L2,0.07153
2023Q1,ord0355__L0,0.41317
2023Q1,prc0511__L0,1.26957
2023Q1,fin0534__L1,0.94464
2023Q1,srv0049__L1,0.04069
2023Q1,srv0017__L2,0.63544
2023Q1,ord0362__L2,0.64656
2023Q1,srv0248__L2,0.00552
2023Q1,srv0131__L1,0.99815
2023Q1,srv0028__L1,1.64741
2023Q1,srv0195__L1,0.97184
2023Q1,cmd0522__L2,0.12178
2023Q1,ord0356__L1,0.88562
2023Q1,srv0305__L0,0.29337
2023Q1,srv0162__L2,0.5901
2023Q1,prd0435__L1,0.57391
2023Q1,msc0582__L0,0.76723
2023Q1,prd0433__L1,0.05525
2023Q1,srv0207__L1,0.20089
2023Q1,srv0058__L2,0.00121
2023Q1,ord0347__L1,0.08201
2023Q1,srv0135__L1,0.24786
2023Q1,ord0366__L1,1.22901
2023Q1,srv0281__L0,0.42396
2023Q1,srv0054__L0,1.02441
2023Q1,srv0082__L1,0.49061
2023Q1,srv0113__L2,0.37412
2023Q1,srv0092__L0,1.09958
2023Q1,srv0292__L0,0.43076
2023Q1,trn0379__L1,0.09761
2023Q1,srv0138__L0,1.56955
2023Q1,srv0337__L2,0.17355
2023Q1,srv0295__L0,0.02912
2023Q1,ord0358__L2,0.09543
2023Q1,srv0046__L0,0.11441
2023Q1,srv0198__L0,0.91909
2023Q1,srv0122__L1,0.08727
2023Q1,srv0029__L1,0.52158
2023Q1,msc0579__L0,1.31142
2023Q1,con0446__L2,0.32597
2023Q1,srv0236__L0,0.22413
2023Q1,cmd0515__L1,0.1512
2023Q1,srv0011__L2,0.18473
2023Q1,srv0125__L0,0.02327
2023Q1,srv0102__L2,0.15188
2023Q1,srv0103__L1,0.23002
2023Q1,srv0204__L0,0.32443
2023Q1,srv0176__L1,0.29887
2023Q1,prd0431__L2,1.36154
2023Q1,srv0074__L0,0.29684
2023Q1,srv0081__L2,0.70073
2023Q1,msc0568__L1,1.70583
2023Q1,srv0127__L0,0.03371
2023Q1,trd0472__L0,1.63472
2023Q1,srv0189__L0,0.05385
2023Q1,cmd0528__L0,0.20302
2023Q1,trn0376__L2,1.34681
2023Q2,ord0362__L2,1.49658
2023Q2,srv0092__L2,0.02718
2023Q2,glb0560__L0,2.05012
2023Q2,prd0419__L2,0.11825
2023Q2,msc0583__L0,0.12418
2023Q2,msc0574__L0,0.16266
2023Q2,srv0103__L0,0.03696
2023Q2,ord0347__L2,0.26157
2023Q2,srv0046__L0,0.16258
2023Q2,srv0320__L1,0.15604
2023Q2,srv0058__L2,0.78091
2023Q2,srv0322__L0,0.05249
2023Q2,srv0210__L0,0.4374
2023Q2,prd0443__L1,0.4012
2023Q2,trd0489__L0,0.20245
2023Q2,srv0081__L0,0.3448
2023Q2,srv0160__L0,0.41343
2023Q2,srv0104__L1,0.25925
2023Q2,ord0366__L0,0.40219
2023Q2,cmd0515__L0,0.27037
2023Q2,cmd0521__L1,0.09473
2023Q2,srv0029__L1,1.87866
2023Q2,srv0062__L1,0.39137
2023Q2,srv0054__L0,0.12242
2023Q2,srv0252__L0,0.80369
2023Q2,srv0198__L1,0.30109
2023Q2,srv0102__L1,0.15268
2023Q2,srv0186__L1,0.0769
2023Q2,prd0426__L1,0.09123
2023Q2,msc0579__L0,0.10553
2023Q2,srv0017__L2,0.01679
2023Q2,srv0195__L1,0.32931
2023Q2,srv0335__L1,0.26036
2023Q2,cmd0528__L2,0.56369
2023Q2,trd0472__L0,0.02441
2023Q2,prd0413__L1,0.0733
2023Q2,srv0132__L2,0.38681
2023Q2,prc0511__L0,0.29803
2023Q2,fin0534__L2,0.09058
2023Q2,srv0117__L0,0.06443
2023Q2,srv0187__L1,0.58847
2023Q2,srv0125__L1,0.96243
2023Q2,srv0135__L0,0.06422
2023Q2,srv0212__L0,0.64599
2023Q2,msc0585__L0,0.18274
2023Q2,trd0471__L2,0.5675
2023Q2,trd0483__L2,0.05258
2023Q2,srv0324__L0,0.09747
2023Q2,srv0068__L1,0.33303
2023Q2,ord0355__L0,0.35539
2023Q2,srv0038__L2,0.33232
2023Q2,srv0127__L1,0.32754
2023Q2,srv0171__L1,1.20834
2023Q2,srv0113__L2,0.40073
2023Q2,srv0332__L0,0.20438
2023Q2,srv0292__L2,0.03913
2023Q2,srv0128__L2,0.59812
2023Q2,srv0158__L0,0.07602
2023Q2,ord0340__L0,0.0582
2023Q2,srv0176__L2,0.69841
2023Q3,srv0189__L1,0.49457
2023Q3,trd0467__L0,0.59076
2023Q3,srv0068__L1,0.8463
2023Q3,srv0108__L2,1.74193
2023Q3,trn0393__L1,0.64967
2023Q3,con0446__L1,0.80637
2023Q3,srv0135__L1,0.37535
2023Q3,srv0017__L1,1.8891
2023Q3,srv0044__L0,0.33538
2023Q3,srv0295__L1,0.04413
2023Q3,srv0132__L0,1.77715
2023Q3,srv0058__L2,0.11072
2023Q3,con0453__L0,0.29672
2023Q3,msc0585__L0,0.04683
2023Q3,cmd0517__L1,0.66096
2023Q3,srv0319__L1,0.68479
2023Q3,srv0138__L0,0.84855
2023Q3,srv0041__L0,0.4819
2023Q3,srv0162__L2,0.06799
2023Q3,srv0236__L0,0.51332
2023Q3,srv0320__L1,0.06275
2023Q3,srv0029__L2,0.53571
2023Q3,prd0435__L2,0.06798
2023Q3,prd0413__L1,0.08938
2023Q3,prd0431__L0,0.27529
2023Q3,srv0092__L2,0.8147
2023Q3,srv0248__L2,0.51448
2023Q3,msc0579__L0,1.09612
2023Q3,srv0046__L0,0.08539
2023Q3,srv0176__L0,0.15913
2023Q3,trd0472__L2,0.34292
2023Q3,srv0117__L2,1.1607
2023Q3,srv0207__L0,1.83065
2023Q3,srv0104__L2,0.42423
2023Q3,trd0489__L0,0.19712
2023Q3,srv0195__L1,0.04906
2023Q3,trd0478__L2,0.7316
2023Q3,srv0186__L0,0.13188
2023Q3,srv0322__L2,0.5356
2023Q3,srv0187__L1,0.47904
2023Q3,srv0080__L0,0.34803
2023Q3,trd0464__L1,1.14956
2023Q3,srv0281__L2,0.27537
2023Q3,prd0433__L0,0.13893
2023Q3,srv0337__L1,0.30475
2023Q3,srv0305__L0,0.12529
2023Q3,prd0419__L2,1.60189
2023Q3,srv0304__L2,0.15655
2023Q3,srv0081__L2,0.03676
2023Q3,srv0252__L0,0.59825
2023Q3,trd0483__L2,0.08636
2023Q3,srv0292__L2,0.03703
2023Q3,trn0376__L1,0.22771
2023Q3,msc0574__L2,0.02425
2023Q3,srv0131__L2,0.11063
2023Q3,srv0198__L0,0.24523
2023Q3,srv0262__L2,0.4829
2023Q3,srv0204__L2,0.11787
2023Q3,srv0011__L2,0.28673
2023Q3,ord0355__L2,0.4072
2023Q4,trn0379__L1,0.33037
2023Q4,srv0176__L1,1.1724
2023Q4,srv0262__L0,0.0975
2023Q4,srv0133__L1,0.17415
2023Q4,srv0108__L2,0.04137
2023Q4,ord0366__L2,0.67547
2023Q4,srv0103__L0,0.91026
2023Q4,srv0112__L2,0.00891
2023Q4,srv0122__L0,1.07132
2023Q4,srv0198__L2,0.96827
2023Q4,trd0490__L1,0.26341
2023Q4,srv0316__L0,0.47245
2023Q4,con0453__L1,0.32222
2023Q4,srv0041__L1,0.43611
2023Q4,srv0059__L0,0.46633
2023Q4,con0446__L1,0.56092
2023Q4,srv0029__L2,0.42361
2023Q4,srv0135__L1,0.43324
2023Q4,srv0015__L1,0.22436
2023Q4,trd0483__L2,0.086
2023Q4,ord0353__L2,0.57816
2023Q4,srv0332__L0,0.10905
2023Q4,srv0068__L0,1.23301
2023Q4,srv0028__L2,1.45187
2023Q4,srv0154__L1,0.17509
2023Q4,fin0534__L0,0.17258
2023Q4,srv0207__L2,0.31097
2023Q4,srv0062__L2,0.1459
2023Q4,trd0471__L1,0.3321
2023Q4,trd0476__L0,0.01484
2023Q4,srv0160__L0,0.21847
2023Q4,ord0356__L2,1.23067
2023Q4,srv0162__L0,0.3807
2023Q4,srv0082__L0,0.76874
2023Q4,srv0292__L0,0.40368
2023Q4,msc0583__L2,0.04021
2023Q4,cmd0522__L2,0.45798
2023Q4,prd0435__L0,0.49022
2023Q4,ord0362__L2,1.01121
2023Q4,trd0489__L2,0.08996
2023Q4,glb0557__L0,0.7725
2023Q4,cmd0521__L1,0.60299
2023Q4,srv0132__L1,0.25524
2023Q4,srv0319__L2,0.16988
2023Q4,trd0472__L2,0.33121
2023Q4,srv0011__L2,0.93319
2023Q4,srv0295__L2,0.68468
2023Q4,msc0579__L1,0.72777
2023Q4,srv0324__L1,1.5128
2023Q4,glb0560__L2,0.07057
2023Q4,srv0186__L2,1.13728
2023Q4,srv0281__L0,0.05045
2023Q4,srv0102__L2,0.66626
2023Q4,prc0511__L0,1.27597
2023Q4,prd0426__L1,0.04058
2023Q4,prd0431__L2,0.00166
2023Q4,srv0046__L2,0.29437
2023Q4,srv0074__L1,0.22775
2023Q4,srv0187__L2,0.0652
2023Q4,msc0574__L1,1.52422
2024Q1,cmd0517__L2,0.45251
2024Q1,srv0092__L2,1.01981
2024Q1,srv0212__L1,0.80123
2024Q1,srv0135__L1,0.45296
2024Q1,srv0122__L0,0.20441
2024Q1,srv0305__L2,0.97591
2024Q1,srv0028__L1,0.37578
2024Q1,srv0131__L2,1.74568
2024Q1,ord0356__L1,0.40881
2024Q1,trd0467__L0,0.3518
2024Q1,trd0464__L0,0.06487
2024Q1,srv0189__L2,0.33487
2024Q1,srv0171__L1,0.89817
2024Q1,srv0158__L0,0.35704
2024Q1,ord0347__L1,0.69436
2024Q1,srv0015__L2,0.50594
2024Q1,srv0320__L2,0.08762
2024Q1,srv0316__L2,0.8317
2024Q1,ord0358__L0,0.22439
2024Q1,con0446__L0,0.23468
2024Q1,srv0335__L0,1.64754
2024Q1,ord0366__L2,0.09874
2024Q1,prd0433__L2,0.5756
2024Q1,srv0074__L0,0.90684
2024Q1,srv0127__L0,1.51714
2024Q1,msc0585__L2,0.11858
2024Q1,srv0281__L1,0.07394
2024Q1,cmd0521__L2,0.18068
2024Q1,trd0476__L2,0.55043
2024Q1,msc0568__L1,0.18849
2024Q1,cmd0522__L2,0.5598
2024Q1,srv0236__L2,1.85221
2024Q1,srv0102__L0,0.14788
2024Q1,srv0054__L0,0.40591
2024Q1,srv0198__L0,0.41385
2024Q1,srv0160__L1,0.2039
2024Q1,srv0029__L2,0.34793
2024Q1,srv0162__L2,0.92798
2024Q1,trn0385__L1,1.18209
2024Q1,prd0438__L2,0.11892
2024Q1,cmd0515__L1,0.85187
2024Q1,trd0478__L1,0.06282
2024Q1,srv0262__L2,0.21718
2024Q1,prd0419__L1,0.07337
2024Q1,trd0490__L1,0.58382
2024Q1,prd0431__L0,0.00994
2024Q1,srv0041__L0,0.93766
2024Q1,srv0204__L0,0.57272
2024Q1,trd0472__L0,0.36093
2024Q1,trd0483__L1,0.27473
2024Q1,srv0295__L0,0.45216
2024Q1,srv0186__L1,0.20904
2024Q1,srv0292__L1,0.63664
2024Q1,srv0082__L2,0.18368
2024Q1,srv0324__L1,2.04502
2024Q1,srv0062__L1,0.299
2024Q1,srv0207__L0,0.05028
2024Q1,srv0059__L2,0.02899
2024Q1,srv0103__L0,0.30249
2024Q1,trd0479__L2,0.18993
2024Q2,prd0433__L1,0.21511
2024Q2,srv0011__L1,0.10764
2024Q2,prd0413__L1,0.37632
2024Q2,cmd0515__L0,0.92353
2024Q2,cmd0517__L2,0.02187
2024Q2,prd0443__L0,0.13931
2024Q2,msc0582__L1,0.17144
2024Q2,srv0305__L1,0.3936
2024Q2,srv0171__L1,0.37831
2024Q2,srv0156__L2,0.66987
2024Q2,glb0560__L2,0.20999
2024Q2,srv0248__L2,0.17752
2024Q2,msc0583__L1,0.64675
2024Q2,srv0082__L1,0.24283
2024Q2,srv0112__L2,1.27912
2024Q2,srv0162__L2,0.41371
2024Q2,srv0176__L1,0.22746
2024Q2,srv0081__L0,0.28486
2024Q2,srv0202__L0,0.29209
2024Q2,srv0017__L2,0.25407
2024Q2,srv0195__L0,0.20787
2024Q2,trn0393__L2,0.05561
2024Q2,srv0189__L2,0.37951
2024Q2,prd0435__L1,0.36746
2024Q2,srv0059__L1,0.23609
2024Q2,srv0108__L0,0.2036
2024Q2,srv0080__L0,0.82002
2024Q2,srv0130__L1,0.2692
2024Q2,fin0534__L1,0.14282
2024Q2,prd0408__L2,0.03076
2024Q2,ord0355__L0,0.15683
2024Q2,srv0295__L1,0.06868
2024Q2,srv0062__L0,0.33067
2024Q2,srv0198__L2,0.26445
2024Q2,ord0353__L2,0.1553
2024Q2,srv0324__L2,0.21158
2024Q2,srv0207__L0,0.96925
2024Q2,trd0471__L0,0.59726
2024Q2,cmd0521__L1,0.41583
2024Q2,trd0464__L0,0.09019
2024Q2,srv0029__L1,0.27564
2024Q2,srv0158__L0,0.62675
2024Q2,srv0104__L2,0.22216
2024Q2,srv0281__L2,0.05672
2024Q2,trd0489__L1,0.20818
2024Q2,srv0125__L2,0.10875
2024Q2,ord0356__L0,0.00893
2024Q2,trd0490__L1,0.23523
2024Q2,srv0292__L1,0.1218
2024Q2,srv0103__L2,0.03577
2024Q2,ord0358__L0,0.2754
2024Q2,ord0347__L0,0.96939
2024Q2,srv0337__L0,0.33956
2024Q2,srv0316__L0,0.99539
2024Q2,srv0054__L2,0.86061
2024Q2,con0453__L2,0.82457
2024Q2,prd0431__L1,0.4949
2024Q2,trd0483__L0,0.99679
2024Q2,srv0068__L1,2.40966
2024Q2,srv0058__L2,0.2857
2024Q3,srv0281__L0,1.4832
2024Q3,cmd0522__L0,0.01488
2024Q3,srv0171__L2,0.27561
2024Q3,srv0156__L1,2.18443
2024Q3,srv0130__L0,0.67106
2024Q3,trn0385__L1,0.22934
2024Q3,srv0058__L2,0.34241
2024Q3,ord0347__L2,0.30246
2024Q3,srv0207__L1,0.14734
2024Q3,srv0082__L1,0.33074
2024Q3,srv0135__L0,0.22979
2024Q3,srv0248__L1,0.07696
2024Q3,srv0320__L1,0.50305
2024Q3,trd0464__L2,1.03337
2024Q3,trd0478__L2,0.36355
2024Q3,trd0467__L2,0.21889
2024Q3,msc0582__L1,0.20817
2024Q3,srv0204__L2,0.22122
2024Q3,prd0419__L2,1.07314
2024Q3,srv0198__L2,0.46175
2024Q3,cmd0517__L1,0.07628
2024Q3,srv0212__L2,0.13433
2024Q3,srv0062__L1,0.25447
2024Q3,srv0029__L0,0.05948
2024Q3,trn0376__L0,0.53918
2024Q3,ord0362__L1,0.85462
2024Q3,srv0186__L0,0.18764
2024Q3,srv0113__L1,0.00787
2024Q3,cmd0521__L1,1.65572
2024Q3,srv0332__L0,0.14488
2024Q3,trd0479__L2,0.26783
2024Q3,srv0187__L2,0.08027
2024Q3,ord0366__L1,0.11197
2024Q3,msc0579__L2,0.28818
2024Q3,srv0195__L2,0.24516
2024Q3,srv0160__L0,0.7683
2024Q3,srv0127__L0,0.08675
2024Q3,cmd0528__L0,0.4108
2024Q3,srv0028__L2,0.0327
2024Q3,prd0408__L0,0.04357
2024Q3,srv0068__L0,0.36008
2024Q3,srv0044__L1,0.55551
2024Q3,prd0426__L2,0.69166
2024Q3,srv0125__L0,0.34069
2024Q3,srv0112__L2,0.10939
2024Q3,ord0353__L2,2.32421
2024Q3,srv0138__L2,0.01679
2024Q3,prd0438__L1,0.12423
2024Q3,trn0393__L1,0.07078
2024Q3,srv0054__L2,0.18773
2024Q3,msc0585__L0,0.57411
2024Q3,srv0080__L1,0.30509
2024Q3,prd0435__L1,0.60785
2024Q3,srv0305__L2,0.21895
2024Q3,srv0011__L2,0.2671
2024Q3,srv0103__L2,0.89658
2024Q3,srv0295__L1,0.11936
2024Q3,srv0304__L1,1.02774
2024Q3,srv0316__L0,1.52907
2024Q3,trd0476__L1,1.02954
2024Q4,trd0476__L2,1.10336
2024Q4,prd0419__L1,0.69883
2024Q4,trd0490__L2,0.84491
2024Q4,srv0198__L1,0.64235
2024Q4,srv0108__L0,0.05965
2024Q4,srv0104__L2,1.80757
2024Q4,srv0332__L2,0.31225
2024Q4,srv0186__L0,2.20787
2024Q4,srv0160__L0,0.90286
2024Q4,trd0479__L2,0.19774
2024Q4,prd0431__L0,0.72497
2024Q4,srv0295__L1,0.01191
2024Q4,trd0489__L2,0.06356
2024Q4,srv0135__L1,1.70479
2024Q4,prd0426__L0,0.22735
2024Q4,ord0356__L1,0.35007
2024Q4,con0453__L0,0.17252
2024Q4,srv0138__L2,0.55353
2024Q4,srv0068__L2,0.1962
2024Q4,prd0433__L2,0.28012
2024Q4,prd0408__L0,0.74827
2024Q4,srv0212__L2,0.55078
2024Q4,prd0443__L2,0.37298
2024Q4,ord0362__L0,0.31245
2024Q4,srv0158__L2,0.1877
2024Q4,srv0112__L2,0.08859
2024Q4,cmd0517__L2,0.8649
2024Q4,prc0511__L0,0.11413
2024Q4,ord0358__L0,0.55471
2024Q4,srv0049__L2,0.19043
2024Q4,srv0117__L2,0.18772
2024Q4,srv0189__L0,0.18532
2024Q4,srv0028__L2,0.40171
2024Q4,srv0122__L2,0.68782
2024Q4,srv0015__L0,0.12676
2024Q4,msc0568__L2,0.0667
2024Q4,srv0125__L0,0.22257
2024Q4,ord0366__L1,0.38887
2024Q4,srv0236__L1,0.66835
2024Q4,srv0292__L0,0.68428
2024Q4,ord0340__L2,0.00935
2024Q4,srv0029__L1,0.79023
2024Q4,msc0579__L2,0.27791
2024Q4,srv0132__L1,0.77429
2024Q4,srv0130__L0,0.03316
2024Q4,trn0385__L2,0.48946
2024Q4,srv0046__L2,2.59633
2024Q4,msc0583__L1,0.01024
2024Q4,msc0582__L0,0.17786
2024Q4,srv0171__L0,0.22289
2024Q4,srv0074__L0,0.62186
2024Q4,prd0438__L1,0.63511
2024Q4,srv0305__L0,0.13226
2024Q4,msc0574__L0,0.58108
2024Q4,srv0054__L0,0.0352
2024Q4,srv0156__L0,0.15016
2024Q4,trn0379__L0,0.30495
2024Q4,prd0413__L2,0.6562
2024Q4,srv0103__L0,0.21554
2024Q4,srv0316__L1,1.44934
2025Q1,srv0135__L2,0.8538
2025Q1,ord0366__L0,0.31171
2025Q1,srv0138__L1,0.07974
2025Q1,srv0295__L1,1.35463
2025Q1,srv0104__L1,0.02189
2025Q1,ord0355__L1,0.06736
2025Q1,msc0583__L1,0.0129
2025Q1,srv0210__L2,1.46634
2025Q1,srv0195__L2,0.54535
2025Q1,trn0379__L2,0.58217
2025Q1,srv0324__L0,0.67969
2025Q1,srv0011__L1,0.03849
2025Q1,srv0049__L1,0.10197
2025Q1,srv0189__L1,1.04649
2025Q1,trd0478__L0,2.72346
2025Q1,srv0068__L0,0.0683
2025Q1,trd0472__L0,1.23889
2025Q1,srv0319__L2,0.73393
2025Q1,srv0080__L2,0.05966
2025Q1,srv0125__L0,0.32368
2025Q1,srv0128__L1,0.04689
2025Q1,srv0017__L0,0.23761
2025Q1,trd0476__L0,0.87834
2025Q1,prd0431__L1,0.09807
2025Q1,trd0471__L1,0.2524
2025Q1,cmd0517__L0,0.50312
2025Q1,srv0038__L2,0.79503
2025Q1,prc0511__L0,0.75832
2025Q1,srv0281__L2,0.91706
2025Q1,srv0204__L2,0.06628
2025Q1,srv0304__L1,0.26558
2025Q1,srv0044__L2,0.19445
2025Q1,cmd0515__L1,0.71529
2025Q1,prd0443__L0,0.17989
2025Q1,srv0292__L0,0.54425
2025Q1,srv0160__L1,0.10235
2025Q1,srv0154__L0,0.124
2025Q1,srv0108__L1,0.83349
2025Q1,srv0262__L0,0.27173
2025Q1,srv0029__L1,0.62862
2025Q1,srv0130__L2,0.39209
2025Q1,prd0408__L1,0.47065
2025Q1,trn0385__L0,0.54401
2025Q1,srv0202__L1,0.36487
2025Q1,trd0467__L1,1.43049
2025Q1,msc0579__L2,0.13565
2025Q1,ord0353__L0,1.24222
2025Q1,cmd0522__L0,0.12285
2025Q1,srv0131__L1,0.02311
2025Q1,srv0103__L1,0.77192
2025Q1,srv0156__L0,0.04435
2025Q1,srv0062__L1,1.00725
2025Q1,srv0143__L0,0.13133
2025Q1,srv0171__L1,2.26026
2025Q1,srv0028__L2,0.17621
2025Q1,srv0133__L0,2.03541
2025Q1,srv0046__L2,0.2884
2025Q1,ord0347__L1,0.51684
2025Q1,trn0393__L2,0.81157
2025Q1,srv0082__L1,0.78324
2025Q2,srv0113__L0,0.45087
2025Q2,srv0187__L1,0.08526
2025Q2,srv0316__L1,0.2126
2025Q2,srv0038__L0,0.1204
2025Q2,srv0041__L2,0.03091
2025Q2,prd0426__L2,0.43794
2025Q2,srv0044__L1,0.53419
2025Q2,con0453__L1,0.11649
2025Q2,srv0248__L1,0.44677
2025Q2,prd0443__L1,0.05654
2025Q2,srv0212__L0,0.17899
2025Q2,srv0059__L2,0.71676
2025Q2,ord0362__L0,0.0189
2025Q2,srv0080__L2,1.64406
2025Q2,trn0379__L0,0.25498
2025Q2,srv0132__L0,0.69306
2025Q2,srv0092__L0,0.07124
2025Q2,srv0112__L1,0.65455
2025Q2,trd0471__L1,0.06081
2025Q2,prd0419__L2,0.1981
2025Q2,srv0127__L1,0.84792
2025Q2,cmd0521__L2,0.53504
2025Q2,srv0207__L2,0.30985
2025Q2,srv0210__L2,0.14417
2025Q2,con0446__L0,0.31277
2025Q2,prd0408__L1,0.742
2025Q2,glb0557__L2,0.5594
2025Q2,ord0347__L0,0.33627
2025Q2,srv0058__L0,0.3054
2025Q2,trd0490__L2,1.73277
2025Q2,trn0393__L1,0.40438
2025Q2,trd0472__L0,0.11517
2025Q2,trn0385__L2,0.14268
2025Q2,cmd0515__L0,0.10038
2025Q2,srv0332__L2,0.18742
2025Q2,trd0464__L1,0.05949
2025Q2,srv0162__L2,0.42735
2025Q2,srv0117__L1,0.3359
2025Q2,msc0585__L0,0.12713
2025Q2,ord0356__L1,0.77891
2025Q2,trd0476__L1,0.43282
2025Q2,srv0236__L2,0.71508
2025Q2,ord0355__L1,0.92067
2025Q2,prd0413__L2,0.18846
2025Q2,srv0068__L1,0.20372
2025Q2,srv0017__L2,0.51935
2025Q2,msc0574__L2,1.03662
2025Q2,msc0582__L1,0.98225
2025Q2,srv0062__L2,0.17972
2025Q2,srv0135__L2,0.32912
2025Q2,srv0304__L1,0.01737
2025Q2,srv0324__L2,0.52395
2025Q2,ord0340__L1,0.89876
2025Q2,srv0028__L1,0.01355
2025Q2,ord0358__L1,0.52648
2025Q2,srv0189__L0,0.25495
2025Q2,srv0015__L0,0.26959
2025Q2,cmd0517__L2,0.02077
2025Q2,srv0133__L2,0.497
2025Q2,srv0130__L2,0.22794
2025Q3,srv0252__L0,0.27494
2025Q3,srv0171__L0,0.02205
2025Q3,srv0102__L2,1.05971
2025Q3,trd0478__L0,0.00943
2025Q3,trd0472__L0,1.13401
2025Q3,ord0355__L0,0.06992
2025Q3,trd0490__L2,1.33129
2025Q3,srv0162__L2,0.34492
2025Q3,srv0130__L0,0.23667
2025Q3,srv0104__L2,0.06082
2025Q3,msc0583__L1,0.09777
2025Q3,srv0046__L2,0.23256
2025Q3,srv0262__L1,0.09699
2025Q3,srv0236__L2,0.73607
2025Q3,srv0127__L0,0.34956
2025Q3,srv0049__L2,0.10201
2025Q3,srv0281__L1,0.49149
2025Q3,srv0113__L2,0.19536
2025Q3,glb0560__L0,0.22229
2025Q3,fin0534__L1,0.06294
2025Q3,prd0408__L0,0.53321
2025Q3,prd0419__L2,0.22597
2025Q3,srv0044__L0,0.53676
2025Q3,msc0568__L2,0.20745
2025Q3,srv0135__L1,0.6149
2025Q3,srv0133__L1,0.76635
2025Q3,ord0353__L1,0.00733
2025Q3,srv0092__L1,1.53424
2025Q3,srv0332__L0,0.0846
2025Q3,con0446__L1,0.02628
2025Q3,srv0322__L0,0.30798
2025Q3,srv0028__L2,0.58734
2025Q3,srv0015__L0,0.47206
2025Q3,srv0204__L2,0.56824
2025Q3,srv0324__L0,0.27948
2025Q3,srv0074__L2,0.05115
2025Q3,srv0319__L2,0.68511
2025Q3,srv0029__L0,0.37667
2025Q3,srv0186__L1,0.34462
2025Q3,trd0476__L2,0.46537
2025Q3,msc0585__L0,0.33174
2025Q3,trd0467__L0,0.28037
2025Q3,srv0138__L0,0.28766
2025Q3,srv0062__L0,0.48677
2025Q3,srv0295__L0,0.77544
2025Q3,trn0379__L1,0.12488
2025Q3,srv0248__L0,0.41595
2025Q3,ord0347__L2,0.07988
2025Q3,srv0212__L1,0.19314
2025Q3,srv0202__L0,0.08095
2025Q3,srv0304__L2,0.68368
2025Q3,srv0011__L2,0.26415
2025Q3,srv0335__L2,0.01632
2025Q3,msc0579__L0,0.0944
2025Q3,srv0320__L2,0.42892
2025Q3,srv0041__L2,0.88494
2025Q3,glb0557__L2,0.29908
2025Q3,ord0340__L2,0.2514
2025Q3,srv0112__L2,0.35945
2025Q3,cmd0528__L0,0.10849
2025Q4,srv0015__L1,0.05768
2025Q4,srv0322__L2,1.38812
2025Q4,prd0413__L2,0.02718
2025Q4,srv0102__L1,1.21185
2025Q4,srv0104__L1,0.3725
2025Q4,ord0356__L1,0.34806
2025Q4,srv0171__L2,0.99306
2025Q4,ord0362__L2,0.7929
2025Q4,prd0426__L1,0.94398
2025Q4,trd0483__L0,0.27109
2025Q4,srv0154__L1,0.01437
2025Q4,srv0189__L2,0.34372
2025Q4,con0453__L2,0.22877
2025Q4,srv0324__L2,0.45665
2025Q4,con0446__L1,1.42058
2025Q4,srv0212__L2,0.25125
2025Q4,srv0304__L1,0.57498
2025Q4,srv0103__L2,0.43982
2025Q4,trn0385__L0,0.03699
2025Q4,msc0574__L2,0.00935
2025Q4,prc0511__L1,0.18948
2025Q4,srv0041__L0,0.03771
2025Q4,srv0122__L2,0.05039
2025Q4,srv0049__L0,0.30827
2025Q4,srv0112__L2,0.06389
2025Q4,msc0583__L0,0.00345
2025Q4,srv0046__L0,0.11947
2025Q4,srv0332__L0,0.10658
2025Q4,ord0347__L1,1.14642
2025Q4,trd0489__L1,0.30762
2025Q4,srv0198__L2,0.62887
2025Q4,ord0366__L1,0.23295
2025Q4,srv0125__L1,0.38215
2025Q4,srv0319__L2,1.16933
2025Q4,srv0176__L0,0.09637
2025Q4,srv0187__L2,0.59812
2025Q4,srv0029__L2,0.21516
2025Q4,srv0092__L0,0.32346
2025Q4,trd0490__L0,0.87383
2025Q4,srv0252__L1,1.35046
2025Q4,prd0438__L2,0.79276
2025Q4,srv0295__L0,0.50437
2025Q4,srv0305__L0,0.12791
2025Q4,cmd0521__L1,0.19519
2025Q4,fin0534__L1,0.00347
2025Q4,srv0074__L0,0.05113
2025Q4,srv0044__L2,0.19391
2025Q4,trd0464__L0,0.13629
2025Q4,prd0408__L1,0.38434
2025Q4,srv0292__L0,0.58776
2025Q4,trn0393__L1,0.02252
2025Q4,trn0376__L1,0.22088
2025Q4,msc0582__L2,0.28638
2025Q4,srv0320__L0,0.03435
2025Q4,srv0210__L1,0.54327
2025Q4,glb0557__L0,0.29888
2025Q4,srv0204__L0,0.25115
2025Q4,srv0156__L2,0.23869
2025Q4,trd0476__L2,0.35559
2025Q4,glb0560__L1,0.04399
